customer_id,segment_name,Recency,Frequency,Monetary,engagement_score,ticket_count
CUST00001,At Risk,168,6,2955.57,5,2.0
CUST00002,Potential Loyalists,35,3,1713.1,45,1.0
CUST00003,Dormant,232,1,649.98,4,0.0
CUST00004,Dormant,192,1,1604.04,7,0.0
CUST00005,Champions,11,6,3910.43,118,1.0
CUST00006,Loyal Customers,55,6,3987.46,11,2.0
CUST00007,Potential Loyalists,3,2,1219.9,77,0.0
CUST00008,Loyal Customers,45,6,3647.9900000000002,14,1.0
CUST00009,Potential Loyalists,29,2,803.99,74,0.0
CUST00010,Potential Loyalists,9,2,1984.18,90,0.0
CUST00011,Loyal Customers,7,4,2912.49,47,0.0
CUST00012,Dormant,111,2,2051.63,21,1.0
CUST00013,Loyal Customers,3,4,2934.52,27,1.0
CUST00014,Champions,1,13,9108.63,73,2.0
CUST00015,Champions,1,5,5805.34,31,0.0
CUST00016,Dormant,276,1,478.02,11,1.0
CUST00017,Dormant,347,3,1699.1399999999999,29,0.0
CUST00018,Dormant,172,1,329.21,12,0.0
CUST00019,Potential Loyalists,35,3,2719.02,34,0.0
CUST00020,Dormant,429,3,4487.950000000001,0,1.0
CUST00021,Dormant,138,2,1059.3,19,1.0
CUST00022,Potential Loyalists,37,2,1332.67,49,0.0
CUST00023,Potential Loyalists,42,2,772.04,20,0.0
CUST00024,Potential Loyalists,14,2,967.97,89,0.0
CUST00025,At Risk,226,7,4868.86,70,3.0
CUST00026,Loyal Customers,41,4,4521.43,75,1.0
CUST00027,Potential Loyalists,15,2,2666.0,60,1.0
CUST00028,Potential Loyalists,4,3,1853.73,6,1.0
CUST00029,Champions,12,11,7122.8,7,0.0
CUST00030,Champions,16,7,3884.46,47,2.0
CUST00031,Dormant,110,1,672.95,44,0.0
CUST00032,Loyal Customers,32,4,2456.0499999999997,88,0.0
CUST00033,Champions,15,6,3548.9,52,2.0
CUST00034,Loyal Customers,53,7,4165.39,42,3.0
CUST00035,Dormant,188,3,1369.71,34,0.0
CUST00036,Loyal Customers,88,4,1737.33,0,1.0
CUST00037,Potential Loyalists,9,3,2021.52,35,0.0
CUST00038,Loyal Customers,11,6,2761.52,29,1.0
CUST00039,Loyal Customers,31,4,2094.09,28,0.0
CUST00040,Dormant,215,1,634.73,5,1.0
CUST00041,At Risk,115,4,1911.8600000000001,26,1.0
CUST00042,Loyal Customers,46,10,7919.28,17,6.0
CUST00043,Potential Loyalists,12,2,705.3199999999999,19,0.0
CUST00044,Loyal Customers,58,4,3409.6499999999996,36,1.0
CUST00045,Dormant,157,1,413.75,24,0.0
CUST00046,Dormant,188,1,489.87,44,0.0
CUST00047,Dormant,265,1,764.43,12,0.0
CUST00048,Loyal Customers,11,5,2860.14,54,1.0
CUST00049,Potential Loyalists,39,2,1172.61,19,0.0
CUST00050,Loyal Customers,56,4,3169.58,17,1.0
CUST00051,At Risk,271,4,4444.3,41,2.0
CUST00052,Dormant,116,3,2807.14,44,1.0
CUST00053,Champions,10,6,5422.92,42,2.0
CUST00054,Potential Loyalists,23,2,1154.37,16,0.0
CUST00055,Loyal Customers,1,4,1707.24,41,1.0
CUST00056,Loyal Customers,53,5,4169.73,20,1.0
CUST00057,Dormant,197,2,2510.83,29,0.0
CUST00058,Loyal Customers,49,5,3930.75,9,0.0
CUST00059,Champions,9,5,5050.94,15,0.0
CUST00060,Dormant,206,1,293.22,34,0.0
CUST00061,Loyal Customers,3,5,2511.7200000000003,25,1.0
CUST00062,Loyal Customers,50,5,3135.08,44,1.0
CUST00063,Dormant,277,1,397.69,0,1.0
CUST00064,Potential Loyalists,27,3,1634.0,55,0.0
CUST00065,Loyal Customers,1,4,3966.91,22,0.0
CUST00066,At Risk,381,5,4598.95,50,1.0
CUST00067,Dormant,124,2,1246.44,4,1.0
CUST00068,Dormant,407,3,2123.66,24,1.0
CUST00069,Dormant,90,2,874.47,60,0.0
CUST00070,Dormant,99,1,542.98,5,0.0
CUST00071,Dormant,93,1,2062.5,4,1.0
CUST00072,At Risk,151,4,2587.02,38,0.0
CUST00073,Loyal Customers,45,7,6253.77,43,0.0
CUST00074,Loyal Customers,26,5,2884.48,70,1.0
CUST00075,Loyal Customers,44,11,7714.719999999999,56,4.0
CUST00076,Loyal Customers,1,4,2888.0299999999997,107,0.0
CUST00077,Dormant,170,1,394.32,0,0.0
CUST00078,Dormant,200,1,894.45,20,1.0
CUST00079,Dormant,252,1,619.57,10,0.0
CUST00080,Loyal Customers,8,4,2832.98,47,0.0
CUST00081,Champions,41,9,5805.78,81,3.0
CUST00082,Dormant,315,3,1671.25,45,0.0
CUST00083,Dormant,150,2,806.87,55,1.0
CUST00084,Dormant,228,1,1273.18,77,0.0
CUST00085,Dormant,75,1,1257.8,43,0.0
CUST00086,Loyal Customers,40,6,3003.66,49,1.0
CUST00087,Loyal Customers,28,4,3610.9700000000003,5,0.0
CUST00088,At Risk,159,12,6774.5,41,1.0
CUST00089,Dormant,226,2,2825.75,55,0.0
CUST00090,Loyal Customers,50,5,2498.83,34,1.0
CUST00091,Champions,18,5,5844.34,67,1.0
CUST00092,Potential Loyalists,34,2,1155.25,6,0.0
CUST00093,Dormant,146,1,759.64,93,0.0
CUST00094,At Risk,244,4,3557.43,29,2.0
CUST00095,Dormant,126,1,372.65,70,1.0
CUST00096,Loyal Customers,45,4,2403.64,83,1.0
CUST00097,Champions,29,8,5040.67,0,2.0
CUST00098,Dormant,245,2,1843.57,44,1.0
CUST00099,Loyal Customers,45,6,3861.8199999999997,24,1.0
CUST00100,Potential Loyalists,3,3,2209.4,4,0.0
CUST00101,At Risk,169,5,3514.87,9,2.0
CUST00102,Potential Loyalists,18,2,2048.62,14,0.0
CUST00103,Potential Loyalists,7,3,2581.31,27,0.0
CUST00104,Dormant,154,1,955.63,13,0.0
CUST00105,Potential Loyalists,40,2,2846.2999999999997,7,0.0
CUST00106,At Risk,122,7,4352.11,26,1.0
CUST00107,Loyal Customers,32,4,3891.05,11,0.0
CUST00108,Dormant,105,1,1074.5,29,1.0
CUST00109,Loyal Customers,60,6,4566.15,5,0.0
CUST00110,Loyal Customers,96,6,3922.07,21,2.0
CUST00111,Dormant,239,1,1135.09,17,0.0
CUST00112,Champions,34,9,6542.4,21,1.0
CUST00113,Potential Loyalists,8,3,2095.48,89,0.0
CUST00114,At Risk,300,6,5133.53,18,1.0
CUST00115,Dormant,220,1,596.54,66,1.0
CUST00116,At Risk,204,6,5635.9,57,0.0
CUST00117,At Risk,184,4,2534.33,10,0.0
CUST00118,Loyal Customers,14,4,2001.17,12,0.0
CUST00119,Champions,6,6,4466.32,79,1.0
CUST00120,Potential Loyalists,32,2,755.8399999999999,30,0.0
CUST00121,Potential Loyalists,23,3,3028.88,37,0.0
CUST00122,Dormant,167,2,2048.93,52,0.0
CUST00123,Champions,29,7,3742.48,9,3.0
CUST00124,At Risk,255,4,2570.5,26,0.0
CUST00125,Potential Loyalists,17,3,2455.21,0,0.0
CUST00126,Dormant,118,2,1260.02,37,0.0
CUST00127,Potential Loyalists,18,3,1136.12,17,0.0
CUST00128,Potential Loyalists,6,3,2233.06,111,0.0
CUST00129,Champions,32,5,4049.54,46,2.0
CUST00130,Dormant,57,2,1850.58,46,0.0
CUST00131,At Risk,128,6,6830.01,19,0.0
CUST00132,At Risk,178,5,4876.780000000001,4,0.0
CUST00133,Champions,12,10,7152.29,25,1.0
CUST00134,Champions,19,6,4696.0199999999995,64,3.0
CUST00135,At Risk,394,4,2534.18,14,0.0
CUST00136,Dormant,132,1,514.9,50,0.0
CUST00137,Dormant,238,2,1035.87,20,0.0
CUST00138,Potential Loyalists,36,2,1424.6100000000001,20,0.0
CUST00139,Loyal Customers,14,4,3008.66,25,2.0
CUST00140,Champions,33,5,4083.36,78,2.0
CUST00141,Potential Loyalists,20,2,1055.28,25,0.0
CUST00142,At Risk,230,5,1880.0,10,0.0
CUST00143,Loyal Customers,51,7,7890.950000000001,30,0.0
CUST00144,Champions,42,10,8510.65,44,3.0
CUST00145,Dormant,91,1,502.35,0,0.0
CUST00146,Champions,6,6,6990.9400000000005,21,1.0
CUST00147,Loyal Customers,27,4,3412.56,4,1.0
CUST00148,Champions,15,5,3702.7,28,1.0
CUST00149,Potential Loyalists,10,3,2362.6400000000003,33,0.0
CUST00150,Loyal Customers,35,5,2641.09,29,0.0
CUST00151,Loyal Customers,44,8,6240.6,42,3.0
CUST00152,Champions,10,8,5508.0,106,4.0
CUST00153,Potential Loyalists,26,3,1619.74,31,0.0
CUST00154,Champions,42,10,8542.89,41,0.0
CUST00155,Loyal Customers,32,4,2343.2799999999997,35,0.0
CUST00156,Potential Loyalists,28,3,4831.42,96,1.0
CUST00157,Loyal Customers,61,5,2269.91,19,1.0
CUST00158,Dormant,216,1,812.34,47,0.0
CUST00159,Dormant,535,2,3713.77,0,0.0
CUST00160,Dormant,238,2,1064.66,26,1.0
CUST00161,Champions,14,7,6171.42,54,0.0
CUST00162,Dormant,152,2,1194.5900000000001,14,0.0
CUST00163,Potential Loyalists,22,2,1100.06,18,0.0
CUST00164,At Risk,283,5,4657.03,4,1.0
CUST00165,Loyal Customers,37,4,2287.08,10,0.0
CUST00166,Potential Loyalists,38,3,3227.7,5,1.0
CUST00167,Dormant,280,1,423.24,0,0.0
CUST00168,Champions,13,5,4794.47,13,0.0
CUST00169,Dormant,283,1,1799.45,4,0.0
CUST00170,Champions,17,12,7634.5599999999995,27,1.0
CUST00171,Loyal Customers,31,4,3416.04,37,0.0
CUST00172,Loyal Customers,45,8,6232.719999999999,36,3.0
CUST00173,Loyal Customers,43,6,2018.8200000000002,68,1.0
CUST00174,Champions,3,7,3507.37,81,2.0
CUST00175,At Risk,120,4,3568.3199999999997,34,1.0
CUST00176,Loyal Customers,10,4,6283.41,78,0.0
CUST00177,Champions,13,5,5158.25,61,0.0
CUST00178,Champions,33,9,5965.32,60,4.0
CUST00179,Loyal Customers,36,4,1767.07,69,2.0
CUST00180,Dormant,157,2,1570.85,41,1.0
CUST00181,Potential Loyalists,35,2,1815.8899999999999,38,0.0
CUST00182,Dormant,60,2,672.78,51,0.0
CUST00183,Dormant,213,3,3246.8900000000003,7,1.0
CUST00184,Loyal Customers,75,5,5072.85,26,2.0
CUST00185,Champions,25,9,5475.0,48,0.0
CUST00186,Potential Loyalists,16,2,2279.63,13,1.0
CUST00187,Loyal Customers,53,4,2223.79,0,1.0
CUST00188,Loyal Customers,90,7,5810.17,46,3.0
CUST00189,Champions,4,11,8207.06,67,3.0
CUST00190,Potential Loyalists,18,2,854.78,23,1.0
CUST00191,Potential Loyalists,9,3,945.03,44,0.0
CUST00192,Champions,2,6,3657.1499999999996,34,0.0
CUST00193,Dormant,218,1,424.74,21,0.0
CUST00194,Champions,3,6,4197.11,55,3.0
CUST00195,Potential Loyalists,3,2,1955.96,33,1.0
CUST00196,Dormant,85,2,1272.38,4,1.0
CUST00197,Champions,9,12,11523.66,47,3.0
CUST00198,Champions,26,10,7958.04,5,2.0
CUST00199,Loyal Customers,49,5,4359.83,17,1.0
CUST00200,Champions,26,9,7636.45,38,1.0
CUST00201,At Risk,154,7,6691.56,21,2.0
CUST00202,Dormant,48,2,2363.2200000000003,67,0.0
CUST00203,Dormant,175,2,743.3499999999999,42,0.0
CUST00204,Loyal Customers,47,6,3646.77,87,0.0
CUST00205,Champions,7,6,3610.58,89,0.0
CUST00206,At Risk,179,10,6479.7,32,3.0
CUST00207,Dormant,79,1,193.1,70,0.0
CUST00208,At Risk,152,6,6865.35,13,1.0
CUST00209,At Risk,340,5,3422.88,17,1.0
CUST00210,Dormant,189,2,1254.8700000000001,22,0.0
CUST00211,Champions,28,7,27920.05,27,1.0
CUST00212,Dormant,265,3,2071.6800000000003,16,0.0
CUST00213,Dormant,147,2,1680.61,11,2.0
CUST00214,Dormant,125,1,1427.16,14,0.0
CUST00215,Dormant,95,3,1564.1,35,1.0
CUST00216,Dormant,109,1,1349.42,29,1.0
CUST00217,Dormant,140,3,1179.94,14,0.0
CUST00218,Loyal Customers,15,4,2728.57,6,0.0
CUST00219,At Risk,215,6,2782.79,13,1.0
CUST00220,Loyal Customers,19,4,1750.5,96,1.0
CUST00221,Potential Loyalists,9,3,1357.66,110,0.0
CUST00222,Dormant,247,2,1259.5,7,1.0
CUST00223,Dormant,164,1,757.58,7,1.0
CUST00224,Loyal Customers,8,4,3249.04,6,1.0
CUST00225,Dormant,149,3,3012.6,13,0.0
CUST00226,Loyal Customers,5,4,3683.7,40,1.0
CUST00227,At Risk,214,6,4383.02,0,2.0
CUST00228,At Risk,143,7,4150.72,34,2.0
CUST00229,At Risk,153,5,3077.41,37,1.0
CUST00230,Champions,16,9,8646.32,120,2.0
CUST00231,Loyal Customers,22,4,2330.3900000000003,38,0.0
CUST00232,Potential Loyalists,8,3,3010.99,7,0.0
CUST00233,Dormant,422,3,1626.9899999999998,32,0.0
CUST00234,Champions,35,7,5988.42,39,0.0
CUST00235,Champions,13,5,3186.58,15,0.0
CUST00236,Potential Loyalists,18,2,1796.52,38,1.0
CUST00237,Champions,30,5,4240.2,55,0.0
CUST00238,Dormant,57,3,3798.2000000000003,4,2.0
CUST00239,Dormant,381,1,208.1,27,0.0
CUST00240,Potential Loyalists,18,3,2710.16,20,1.0
CUST00241,Loyal Customers,7,4,4566.46,53,0.0
CUST00242,Champions,16,7,4040.24,49,0.0
CUST00243,At Risk,130,4,3129.06,21,1.0
CUST00244,Dormant,205,2,2449.86,7,0.0
CUST00245,Champions,9,5,3729.23,37,0.0
CUST00246,Loyal Customers,34,5,3071.41,33,1.0
CUST00247,At Risk,118,11,5611.35,19,3.0
CUST00248,Loyal Customers,53,8,4617.07,9,0.0
CUST00249,Dormant,223,3,1761.46,23,0.0
CUST00250,Potential Loyalists,37,2,1335.96,33,0.0
CUST00251,Dormant,102,1,966.73,97,1.0
CUST00252,At Risk,251,6,5194.02,21,0.0
CUST00253,Dormant,252,3,1901.1299999999999,12,0.0
CUST00254,At Risk,244,4,3041.57,27,0.0
CUST00255,Loyal Customers,50,7,5070.56,40,2.0
CUST00256,Dormant,242,2,1727.8400000000001,4,1.0
CUST00257,Dormant,51,3,1361.41,49,0.0
CUST00258,Champions,36,11,6740.7300000000005,34,1.0
CUST00259,Dormant,253,1,1519.33,0,0.0
CUST00260,Potential Loyalists,14,3,2237.58,42,0.0
CUST00261,Potential Loyalists,7,3,2884.77,0,0.0
CUST00262,Potential Loyalists,10,3,1649.48,23,0.0
CUST00263,Loyal Customers,50,13,8211.17,86,6.0
CUST00264,Dormant,92,2,671.0999999999999,38,1.0
CUST00265,Potential Loyalists,10,3,1918.74,39,0.0
CUST00266,At Risk,219,4,5306.62,5,2.0
CUST00267,Loyal Customers,90,4,4026.2300000000005,31,2.0
CUST00268,Loyal Customers,40,4,4982.92,32,1.0
CUST00269,Loyal Customers,34,4,3130.84,60,1.0
CUST00270,Loyal Customers,14,4,3158.67,41,0.0
CUST00271,Champions,10,6,5326.4,6,0.0
CUST00272,Loyal Customers,54,14,14120.16,54,0.0
CUST00273,Champions,23,9,6554.51,30,4.0
CUST00274,Dormant,56,2,1003.95,5,0.0
CUST00275,At Risk,302,6,3879.21,34,1.0
CUST00276,Champions,10,7,9212.91,44,0.0
CUST00277,Loyal Customers,6,4,2222.75,10,0.0
CUST00278,At Risk,130,4,2768.06,48,2.0
CUST00279,Champions,40,10,6562.58,51,1.0
CUST00280,Loyal Customers,53,9,7889.99,26,0.0
CUST00281,Dormant,96,2,1161.06,22,0.0
CUST00282,Dormant,357,2,774.76,6,1.0
CUST00283,Champions,42,11,8318.05,31,4.0
CUST00284,Dormant,352,2,781.62,7,0.0
CUST00285,Loyal Customers,23,5,2538.27,48,0.0
CUST00286,Dormant,430,2,2027.25,6,1.0
CUST00287,Champions,40,7,6816.38,32,1.0
CUST00288,Dormant,171,2,1096.1,5,1.0
CUST00289,Dormant,56,3,1303.02,19,0.0
CUST00290,Dormant,59,2,878.26,32,1.0
CUST00291,At Risk,119,9,5604.34,22,3.0
CUST00292,Loyal Customers,8,4,3132.6,29,1.0
CUST00293,Dormant,291,3,1699.71,13,0.0
CUST00294,Potential Loyalists,35,3,3612.55,78,0.0
CUST00295,Champions,11,5,4296.54,11,0.0
CUST00296,At Risk,193,4,1989.83,13,0.0
CUST00297,Dormant,215,1,1130.29,58,1.0
CUST00298,Dormant,262,1,1122.99,27,0.0
CUST00299,At Risk,404,4,2302.1800000000003,0,2.0
CUST00300,Loyal Customers,48,5,2586.24,36,0.0
CUST00301,Champions,27,9,7935.46,34,3.0
CUST00302,At Risk,209,4,2534.0,19,3.0
CUST00303,Champions,15,8,5373.69,38,2.0
CUST00304,Dormant,148,3,2837.27,25,1.0
CUST00305,Dormant,227,1,531.59,31,0.0
CUST00306,Loyal Customers,47,6,5851.889999999999,12,2.0
CUST00307,Dormant,93,3,2114.17,0,1.0
CUST00308,Dormant,43,3,2518.37,42,0.0
CUST00309,Dormant,69,3,2731.6099999999997,62,0.0
CUST00310,Potential Loyalists,22,2,1126.21,38,1.0
CUST00311,Dormant,109,1,1336.82,19,0.0
CUST00312,Dormant,125,1,486.27,43,0.0
CUST00313,Dormant,223,1,769.77,73,1.0
CUST00314,Dormant,77,1,560.98,0,0.0
CUST00315,Champions,5,12,11129.380000000001,62,2.0
CUST00316,Dormant,158,2,1079.82,7,1.0
CUST00317,Dormant,161,1,1353.24,55,0.0
CUST00318,Loyal Customers,56,6,6278.88,10,1.0
CUST00319,At Risk,208,6,2585.4700000000003,0,0.0
CUST00320,Loyal Customers,50,8,5389.51,43,1.0
CUST00321,At Risk,177,6,3100.54,6,2.0
CUST00322,Loyal Customers,46,6,3582.34,24,0.0
CUST00323,Champions,27,9,7552.84,28,0.0
CUST00324,At Risk,335,4,6039.5599999999995,0,2.0
CUST00325,Loyal Customers,3,4,3975.12,31,0.0
CUST00326,Dormant,185,3,1868.65,38,1.0
CUST00327,Dormant,63,3,1087.67,39,0.0
CUST00328,Dormant,383,1,371.68,9,0.0
CUST00329,Loyal Customers,8,4,2102.61,5,0.0
CUST00330,Loyal Customers,26,4,1658.54,6,1.0
CUST00331,At Risk,212,5,3450.66,7,2.0
CUST00332,Loyal Customers,19,4,4830.33,0,2.0
CUST00333,Potential Loyalists,30,2,1205.58,18,0.0
CUST00334,Dormant,146,3,2170.31,8,1.0
CUST00335,Loyal Customers,18,4,2833.44,49,2.0
CUST00336,Champions,5,7,3979.4700000000003,23,0.0
CUST00337,Dormant,68,2,1887.73,15,1.0
CUST00338,Potential Loyalists,19,2,1364.21,40,1.0
CUST00339,Loyal Customers,28,5,3070.33,54,1.0
CUST00340,Loyal Customers,47,10,6781.87,47,1.0
CUST00341,Potential Loyalists,24,2,1262.52,50,0.0
CUST00342,Loyal Customers,1,4,3043.19,54,1.0
CUST00343,Loyal Customers,52,6,2874.94,51,0.0
CUST00344,Champions,33,6,4985.95,23,4.0
CUST00345,Loyal Customers,45,6,6318.72,91,1.0
CUST00346,Loyal Customers,60,12,10622.109999999999,90,2.0
CUST00347,At Risk,245,4,3311.46,56,1.0
CUST00348,Loyal Customers,43,4,3043.55,69,0.0
CUST00349,Champions,15,6,5889.18,14,0.0
CUST00350,Potential Loyalists,1,3,2121.43,71,0.0
CUST00351,Champions,14,8,8615.57,20,3.0
CUST00352,Potential Loyalists,23,3,2352.36,63,0.0
CUST00353,At Risk,179,4,1755.1200000000001,28,1.0
CUST00354,Champions,25,6,3470.21,29,1.0
CUST00355,At Risk,232,4,3405.2,20,2.0
CUST00356,Champions,22,6,3137.74,60,2.0
CUST00357,Dormant,103,1,513.15,67,1.0
CUST00358,Dormant,162,2,1523.3600000000001,22,1.0
CUST00359,Champions,30,9,6910.4,0,0.0
CUST00360,Champions,33,8,9265.23,7,0.0
CUST00361,Dormant,230,1,361.04,18,1.0
CUST00362,Champions,13,6,3159.8599999999997,81,1.0
CUST00363,Potential Loyalists,34,3,1780.5900000000001,14,1.0
CUST00364,Dormant,420,3,2049.88,0,2.0
CUST00365,Dormant,219,1,1015.06,43,0.0
CUST00366,Champions,38,6,6762.91,9,1.0
CUST00367,Dormant,273,1,884.81,4,0.0
CUST00368,Dormant,116,1,348.81,42,1.0
CUST00369,Dormant,132,3,2263.62,32,0.0
CUST00370,Dormant,233,1,452.14,34,0.0
CUST00371,Dormant,185,3,2631.54,20,1.0
CUST00372,Potential Loyalists,2,3,1343.1,15,1.0
CUST00373,Dormant,134,2,1612.8899999999999,51,0.0
CUST00374,Dormant,280,2,795.8299999999999,0,1.0
CUST00375,At Risk,146,6,3564.29,11,1.0
CUST00376,Loyal Customers,106,8,5532.45,32,0.0
CUST00377,At Risk,141,4,2214.32,57,0.0
CUST00378,Dormant,160,1,1622.32,16,0.0
CUST00379,Dormant,136,2,1029.97,14,0.0
CUST00380,Champions,28,7,3831.9,38,1.0
CUST00381,Dormant,243,1,597.86,9,1.0
CUST00382,Dormant,43,3,1584.55,25,0.0
CUST00383,Champions,7,7,5682.3099999999995,81,3.0
CUST00384,Potential Loyalists,24,3,1529.26,0,0.0
CUST00385,Champions,8,9,6949.7,37,3.0
CUST00386,Champions,34,7,5490.0,84,1.0
CUST00387,Potential Loyalists,1,3,3480.7,7,0.0
CUST00388,Loyal Customers,98,5,2574.36,23,1.0
CUST00389,Champions,1,12,8394.1,64,3.0
CUST00390,Dormant,115,2,1639.4299999999998,22,1.0
CUST00391,Loyal Customers,50,4,3250.96,20,0.0
CUST00392,At Risk,194,7,5290.95,23,0.0
CUST00393,Potential Loyalists,3,3,2797.96,36,1.0
CUST00394,Dormant,50,2,1196.59,61,1.0
CUST00395,Loyal Customers,8,4,2294.75,80,1.0
CUST00396,Loyal Customers,47,6,3382.7599999999998,53,1.0
CUST00397,At Risk,140,11,9647.73,18,4.0
CUST00398,Champions,30,5,3322.37,51,1.0
CUST00399,At Risk,323,4,2749.65,21,0.0
CUST00400,Potential Loyalists,35,2,1613.97,40,0.0
CUST00401,Potential Loyalists,8,2,1106.27,13,1.0
CUST00402,Dormant,193,3,1410.06,6,1.0
CUST00403,Potential Loyalists,29,3,2404.71,89,0.0
CUST00404,At Risk,254,6,4631.52,7,2.0
CUST00405,Dormant,63,1,282.03,26,1.0
CUST00406,Loyal Customers,23,4,1427.6,46,1.0
CUST00407,Potential Loyalists,17,2,2405.56,0,0.0
CUST00408,Loyal Customers,54,8,4751.44,0,4.0
CUST00409,At Risk,119,7,4946.35,47,3.0
CUST00410,Dormant,51,3,2009.71,68,1.0
CUST00411,Dormant,314,1,1756.76,6,0.0
CUST00412,Dormant,590,1,1486.51,0,0.0
CUST00413,Loyal Customers,28,4,2693.84,86,2.0
CUST00414,Dormant,64,1,311.44,39,1.0
CUST00415,Dormant,181,2,2282.07,4,1.0
CUST00416,Dormant,60,3,1804.88,18,1.0
CUST00417,At Risk,212,4,2750.0299999999997,0,0.0
CUST00418,Dormant,48,3,2381.17,48,1.0
CUST00419,Dormant,159,2,1795.1,67,0.0
CUST00420,Loyal Customers,48,5,4695.67,102,1.0
CUST00421,Loyal Customers,47,8,6285.45,24,2.0
CUST00422,Dormant,186,2,1075.03,51,0.0
CUST00423,Dormant,196,3,2349.76,7,0.0
CUST00424,Dormant,174,2,1297.49,31,1.0
CUST00425,Champions,4,5,3571.95,64,0.0
CUST00426,Dormant,138,2,1478.25,56,0.0
CUST00427,Dormant,62,2,331.53,19,1.0
CUST00428,Champions,2,8,5359.36,6,1.0
CUST00429,Potential Loyalists,14,3,1361.81,93,1.0
CUST00430,Loyal Customers,19,4,2817.12,0,0.0
CUST00431,Dormant,215,2,903.65,4,0.0
CUST00432,At Risk,173,4,5036.07,45,0.0
CUST00433,Loyal Customers,53,7,5386.66,70,4.0
CUST00434,Potential Loyalists,34,3,1824.26,10,0.0
CUST00435,Dormant,261,3,1740.56,4,1.0
CUST00436,Champions,9,5,5612.16,11,0.0
CUST00437,Dormant,49,3,2048.04,0,0.0
CUST00438,Dormant,125,3,2466.39,30,3.0
CUST00439,Dormant,180,3,1981.34,29,1.0
CUST00440,Dormant,125,1,325.03,25,1.0
CUST00441,Dormant,272,1,786.67,6,1.0
CUST00442,At Risk,130,8,4905.34,11,1.0
CUST00443,Dormant,326,3,1694.35,11,0.0
CUST00444,Dormant,293,1,520.84,5,0.0
CUST00445,Dormant,60,2,2068.62,16,0.0
CUST00446,Dormant,87,1,521.16,64,0.0
CUST00447,Champions,8,8,3821.6,25,2.0
CUST00448,At Risk,197,5,4291.91,46,3.0
CUST00449,Dormant,270,2,661.52,7,0.0
CUST00450,Dormant,57,2,1364.32,34,0.0
CUST00451,Loyal Customers,60,5,4244.52,20,2.0
CUST00452,At Risk,317,6,1929.85,13,1.0
CUST00453,Loyal Customers,53,5,3564.87,5,1.0
CUST00454,Champions,6,7,5177.76,121,2.0
CUST00455,Dormant,334,3,1616.76,0,1.0
CUST00456,At Risk,208,4,3440.2,0,1.0
CUST00457,Dormant,382,2,1371.21,4,0.0
CUST00458,Potential Loyalists,40,3,1730.31,18,0.0
CUST00459,Dormant,298,3,2928.0299999999997,26,2.0
CUST00460,Loyal Customers,48,12,9567.38,51,1.0
CUST00461,At Risk,255,4,1579.47,14,0.0
CUST00462,Dormant,96,3,2689.5,11,1.0
CUST00463,Champions,10,7,7375.860000000001,0,0.0
CUST00464,At Risk,167,10,6495.79,24,3.0
CUST00465,Dormant,238,1,1298.74,17,0.0
CUST00466,Champions,18,12,6279.43,53,2.0
CUST00467,Potential Loyalists,6,3,1620.28,30,0.0
CUST00468,Dormant,259,2,1077.8600000000001,4,1.0
CUST00469,Loyal Customers,1,4,2772.31,58,0.0
CUST00470,At Risk,227,5,3508.62,7,2.0
CUST00471,Dormant,187,1,307.23,37,0.0
CUST00472,Champions,26,5,4789.49,0,0.0
CUST00473,At Risk,182,6,3513.72,0,2.0
CUST00474,Loyal Customers,1,4,2364.05,26,1.0
CUST00475,Champions,8,10,7340.669999999999,11,0.0
CUST00476,At Risk,201,7,6233.25,38,3.0
CUST00477,Loyal Customers,60,5,3519.83,12,0.0
CUST00478,Loyal Customers,43,4,2005.68,47,0.0
CUST00479,Dormant,330,1,319.34,27,1.0
CUST00480,At Risk,209,7,4227.82,8,0.0
CUST00481,Loyal Customers,54,4,1811.91,66,0.0
CUST00482,Champions,12,6,3296.44,86,0.0
CUST00483,Champions,35,8,5388.37,15,1.0
CUST00484,Loyal Customers,59,6,6028.98,47,3.0
CUST00485,At Risk,289,5,2971.02,6,2.0
CUST00486,Dormant,43,2,1807.8600000000001,43,0.0
CUST00487,Loyal Customers,23,8,3049.97,13,6.0
CUST00488,At Risk,278,4,2427.65,53,0.0
CUST00489,Dormant,271,1,963.44,68,0.0
CUST00490,Potential Loyalists,34,2,2074.38,59,1.0
CUST00491,Potential Loyalists,26,3,1795.63,55,1.0
CUST00492,Loyal Customers,51,7,6233.68,0,1.0
CUST00493,Dormant,169,2,1757.06,57,1.0
CUST00494,Potential Loyalists,16,3,3012.2300000000005,28,0.0
CUST00495,Potential Loyalists,41,3,2838.69,17,0.0
CUST00496,Dormant,54,3,2971.8500000000004,25,0.0
CUST00497,Dormant,220,1,1724.62,6,0.0
CUST00498,Loyal Customers,50,4,2790.75,22,0.0
CUST00499,Loyal Customers,27,4,3425.97,7,1.0
CUST00500,Loyal Customers,34,4,3749.66,68,0.0
CUST00501,Champions,27,5,3852.58,16,1.0
CUST00502,Loyal Customers,10,4,2253.2200000000003,66,0.0
CUST00503,Champions,29,8,5763.58,16,3.0
CUST00504,Potential Loyalists,11,3,3098.74,45,0.0
CUST00505,Potential Loyalists,4,2,1468.8,54,0.0
CUST00506,Champions,15,10,9069.6,0,4.0
CUST00507,Dormant,181,2,3345.6800000000003,6,0.0
CUST00508,Potential Loyalists,38,2,1632.0,35,0.0
CUST00509,Potential Loyalists,24,2,1206.64,67,0.0
CUST00510,At Risk,223,4,3630.48,28,1.0
CUST00511,Champions,4,7,4352.03,87,1.0
CUST00512,Loyal Customers,77,4,2468.63,25,1.0
CUST00513,Champions,31,10,7681.32,25,3.0
CUST00514,Dormant,154,1,1687.55,67,0.0
CUST00515,Loyal Customers,29,4,2719.65,10,1.0
CUST00516,Dormant,88,1,623.59,66,0.0
CUST00517,Champions,12,7,4546.23,15,2.0
CUST00518,Potential Loyalists,35,2,852.7099999999999,29,0.0
CUST00519,Potential Loyalists,26,2,823.83,0,0.0
CUST00520,Champions,27,8,5224.33,13,0.0
CUST00521,Loyal Customers,55,8,3956.92,24,1.0
CUST00522,Dormant,523,1,1688.22,7,0.0
CUST00523,Loyal Customers,53,4,3188.02,44,1.0
CUST00524,Loyal Customers,72,10,7161.96,43,2.0
CUST00525,At Risk,281,4,1916.75,5,0.0
CUST00526,Potential Loyalists,5,2,1519.72,24,0.0
CUST00527,Champions,34,8,6642.15,6,0.0
CUST00528,Dormant,43,2,1159.92,63,0.0
CUST00529,Dormant,43,2,2291.65,66,1.0
CUST00530,Champions,32,5,3597.6600000000003,13,0.0
CUST00531,Dormant,104,2,648.41,5,1.0
CUST00532,At Risk,179,4,4895.42,4,1.0
CUST00533,Potential Loyalists,12,3,2081.04,41,1.0
CUST00534,At Risk,135,5,3110.46,30,1.0
CUST00535,At Risk,199,5,5156.9,19,0.0
CUST00536,Champions,6,5,4909.41,61,0.0
CUST00537,Loyal Customers,12,4,3404.59,27,0.0
CUST00538,Champions,8,9,7445.27,26,0.0
CUST00539,Loyal Customers,48,9,8708.79,4,3.0
CUST00540,Champions,35,8,5915.85,17,3.0
CUST00541,Champions,30,7,5077.73,6,1.0
CUST00542,Loyal Customers,9,4,2512.91,6,0.0
CUST00543,At Risk,258,4,2320.55,11,0.0
CUST00544,Dormant,146,2,2284.46,23,0.0
CUST00545,Potential Loyalists,21,2,922.53,58,1.0
CUST00546,Loyal Customers,20,4,3320.79,53,0.0
CUST00547,Dormant,60,2,1679.69,29,1.0
CUST00548,Dormant,44,3,3100.27,41,0.0
CUST00549,Dormant,193,2,1035.57,4,1.0
CUST00550,Potential Loyalists,4,3,2353.73,0,0.0
CUST00551,Loyal Customers,32,4,2251.44,63,0.0
CUST00552,Potential Loyalists,34,3,2303.36,83,0.0
CUST00553,At Risk,354,4,3183.11,9,0.0
CUST00554,Champions,3,6,4226.39,62,0.0
CUST00555,Champions,19,6,4854.27,15,2.0
CUST00556,Dormant,87,1,936.16,6,1.0
CUST00557,Champions,27,7,5364.05,91,1.0
CUST00558,Dormant,460,2,679.0699999999999,7,0.0
CUST00559,Potential Loyalists,16,3,1821.47,12,0.0
CUST00560,Dormant,292,1,1135.13,5,0.0
CUST00561,Potential Loyalists,15,3,2339.96,109,1.0
CUST00562,Dormant,320,2,899.8599999999999,4,2.0
CUST00563,Dormant,166,2,887.86,4,0.0
CUST00564,At Risk,191,8,4592.1900000000005,69,3.0
CUST00565,Potential Loyalists,2,2,1089.79,64,0.0
CUST00566,Potential Loyalists,3,3,1894.99,125,0.0
CUST00567,Champions,35,10,6288.55,42,1.0
CUST00568,Dormant,95,1,482.12,22,0.0
CUST00569,Potential Loyalists,14,3,944.54,34,0.0
CUST00570,Dormant,229,3,2545.7200000000003,0,1.0
CUST00571,Potential Loyalists,22,3,1977.83,35,1.0
CUST00572,At Risk,112,6,3305.75,44,0.0
CUST00573,At Risk,186,5,2912.39,0,1.0
CUST00574,Champions,2,9,7029.03,65,1.0
CUST00575,Dormant,144,1,548.72,32,1.0
CUST00576,Dormant,107,2,799.27,88,0.0
CUST00577,Champions,24,7,5138.93,50,1.0
CUST00578,Dormant,437,2,3054.7200000000003,14,0.0
CUST00579,Dormant,71,1,301.68,4,0.0
CUST00580,Potential Loyalists,28,2,1073.3,28,0.0
CUST00581,Dormant,137,2,1527.79,0,0.0
CUST00582,Dormant,347,1,392.06,12,1.0
CUST00583,At Risk,324,4,3652.46,10,1.0
CUST00584,Dormant,144,1,591.05,48,0.0
CUST00585,Champions,32,9,5765.21,67,2.0
CUST00586,At Risk,189,4,1853.61,6,2.0
CUST00587,Potential Loyalists,6,2,811.8,60,0.0
CUST00588,Dormant,56,2,1020.69,39,0.0
CUST00589,At Risk,132,5,4196.7699999999995,25,1.0
CUST00590,Dormant,201,3,3961.05,42,2.0
CUST00591,Dormant,130,2,1767.15,10,1.0
CUST00592,Dormant,81,2,1084.48,14,0.0
CUST00593,Champions,15,6,4295.48,46,1.0
CUST00594,Dormant,152,1,448.78,0,0.0
CUST00595,Loyal Customers,52,6,3393.2200000000003,36,0.0
CUST00596,At Risk,111,4,2927.96,79,3.0
CUST00597,At Risk,113,4,3041.18,0,2.0
CUST00598,Loyal Customers,24,4,2429.15,105,0.0
CUST00599,Champions,18,5,3511.4900000000002,12,1.0
CUST00600,Dormant,324,3,1248.1399999999999,20,0.0
CUST00601,Dormant,131,1,537.85,43,0.0
CUST00602,Dormant,152,1,171.18,32,0.0
CUST00603,Champions,9,10,5262.13,84,4.0
CUST00604,Potential Loyalists,12,3,1794.88,10,0.0
CUST00605,At Risk,221,5,3199.79,59,2.0
CUST00606,Dormant,181,1,240.15,45,0.0
CUST00607,Dormant,310,3,2332.76,52,0.0
CUST00608,Loyal Customers,34,4,3561.7799999999997,47,1.0
CUST00609,Champions,18,6,5268.07,27,2.0
CUST00610,Champions,39,6,4356.29,65,2.0
CUST00611,At Risk,296,4,3472.66,36,3.0
CUST00612,Dormant,109,2,2120.98,55,0.0
CUST00613,Champions,11,8,6032.84,63,2.0
CUST00614,Dormant,257,1,267.96,6,0.0
CUST00615,Dormant,95,1,446.03,25,1.0
CUST00616,Loyal Customers,97,5,2628.3,56,1.0
CUST00617,Champions,21,13,7918.74,47,5.0
CUST00618,Potential Loyalists,42,3,2003.1,39,0.0
CUST00619,Loyal Customers,1,6,2572.91,52,0.0
CUST00620,Dormant,43,2,1045.42,94,1.0
CUST00621,Dormant,153,1,348.53,41,0.0
CUST00622,Dormant,241,3,2009.7800000000002,6,0.0
CUST00623,Loyal Customers,60,5,3290.23,93,2.0
CUST00624,Dormant,293,1,270.09,28,0.0
CUST00625,At Risk,127,4,2155.58,13,0.0
CUST00626,Dormant,58,3,2283.05,57,1.0
CUST00627,Dormant,136,3,2765.27,28,1.0
CUST00628,Champions,36,6,3681.37,51,2.0
CUST00629,Potential Loyalists,24,2,1364.28,8,0.0
CUST00630,Loyal Customers,54,4,3090.95,146,0.0
CUST00631,At Risk,129,10,6076.9,0,2.0
CUST00632,Dormant,122,1,1078.63,68,0.0
CUST00633,Potential Loyalists,36,2,2549.94,19,0.0
CUST00634,At Risk,179,4,1711.76,6,2.0
CUST00635,Dormant,195,1,1016.46,4,0.0
CUST00636,Potential Loyalists,9,3,3886.17,5,0.0
CUST00637,Champions,27,7,6428.4,7,1.0
CUST00638,At Risk,234,6,3093.33,0,0.0
CUST00639,Dormant,430,3,2753.19,4,0.0
CUST00640,Dormant,191,1,641.86,0,0.0
CUST00641,Loyal Customers,52,7,6023.219999999999,24,1.0
CUST00642,Loyal Customers,39,4,3164.42,18,0.0
CUST00643,Dormant,216,1,1091.34,95,0.0
CUST00644,At Risk,139,7,3822.27,0,0.0
CUST00645,Dormant,313,3,2730.59,0,2.0
CUST00646,Loyal Customers,51,7,6203.32,33,1.0
CUST00647,Dormant,125,1,507.52,11,1.0
CUST00648,Loyal Customers,1,4,2724.16,15,0.0
CUST00649,At Risk,185,6,3181.62,36,4.0
CUST00650,Dormant,120,3,2622.0099999999998,42,0.0
CUST00651,Loyal Customers,56,8,5404.83,24,0.0
CUST00652,Champions,21,5,5030.61,89,0.0
CUST00653,Champions,8,5,4120.93,111,0.0
CUST00654,Champions,14,8,7323.56,33,2.0
CUST00655,Champions,5,11,6803.96,0,0.0
CUST00656,Champions,37,5,4088.21,61,1.0
CUST00657,At Risk,124,4,1287.49,33,1.0
CUST00658,Dormant,280,2,2355.97,13,1.0
CUST00659,Potential Loyalists,22,3,1580.63,137,0.0
CUST00660,Potential Loyalists,16,2,1265.6799999999998,40,0.0
CUST00661,Dormant,241,3,1105.96,6,1.0
CUST00662,Dormant,185,1,852.96,13,0.0
CUST00663,At Risk,125,8,5700.78,53,2.0
CUST00664,Potential Loyalists,19,2,883.48,4,1.0
CUST00665,Champions,36,10,7120.71,13,2.0
CUST00666,Dormant,47,2,1618.57,8,1.0
CUST00667,Champions,13,6,6032.9400000000005,34,2.0
CUST00668,Dormant,103,2,952.4100000000001,17,0.0
CUST00669,Loyal Customers,27,4,3395.9199999999996,7,0.0
CUST00670,At Risk,303,4,3756.69,0,1.0
CUST00671,Champions,23,9,6239.3,72,1.0
CUST00672,Dormant,202,1,434.37,54,0.0
CUST00673,Dormant,179,1,1297.2,4,0.0
CUST00674,At Risk,117,8,4178.67,82,0.0
CUST00675,Champions,3,7,7603.18,56,0.0
CUST00676,Potential Loyalists,28,3,1606.63,41,1.0
CUST00677,Loyal Customers,10,4,2691.15,5,0.0
CUST00678,Dormant,257,2,1145.87,6,0.0
CUST00679,Champions,42,9,6746.18,21,2.0
CUST00680,Dormant,276,1,1087.83,7,0.0
CUST00681,Dormant,272,1,1372.4,6,1.0
CUST00682,Dormant,44,2,1874.3400000000001,36,1.0
CUST00683,Loyal Customers,56,4,5494.98,49,2.0
CUST00684,At Risk,201,4,2472.73,13,1.0
CUST00685,Potential Loyalists,3,2,1840.04,19,0.0
CUST00686,Dormant,188,3,1409.0900000000001,105,0.0
CUST00687,At Risk,178,5,4129.24,5,0.0
CUST00688,Champions,1,7,5107.13,5,1.0
CUST00689,Champions,10,5,4970.84,91,0.0
CUST00690,Champions,3,8,8522.94,67,1.0
CUST00691,Loyal Customers,4,4,3542.44,63,0.0
CUST00692,Dormant,119,3,1850.73,0,0.0
CUST00693,At Risk,208,5,6136.5,0,2.0
CUST00694,Dormant,135,1,345.14,68,0.0
CUST00695,Dormant,259,1,616.85,27,1.0
CUST00696,Loyal Customers,50,7,6460.69,5,1.0
CUST00697,Loyal Customers,45,5,4965.610000000001,4,1.0
CUST00698,Champions,12,10,7429.34,49,4.0
CUST00699,Loyal Customers,10,5,2461.35,66,0.0
CUST00700,Loyal Customers,55,5,3912.53,5,0.0
CUST00701,At Risk,183,5,6476.26,39,1.0
CUST00702,At Risk,138,6,8044.75,11,2.0
CUST00703,Dormant,165,1,360.06,13,0.0
CUST00704,Loyal Customers,83,4,3057.83,47,1.0
CUST00705,Dormant,73,1,872.61,4,1.0
CUST00706,Loyal Customers,3,4,3502.83,10,0.0
CUST00707,Champions,17,5,3300.72,69,2.0
CUST00708,Champions,37,8,6518.05,26,1.0
CUST00709,Dormant,190,1,1966.47,0,0.0
CUST00710,Champions,38,9,6176.62,37,2.0
CUST00711,Loyal Customers,56,9,5936.34,65,2.0
CUST00712,Loyal Customers,16,6,2661.77,16,1.0
CUST00713,Loyal Customers,57,10,9663.26,59,3.0
CUST00714,Champions,38,7,3312.77,8,1.0
CUST00715,Loyal Customers,40,4,1416.25,29,0.0
CUST00716,Champions,11,8,5285.9800000000005,64,1.0
CUST00717,Dormant,47,2,1150.47,28,0.0
CUST00718,Dormant,178,2,697.62,8,0.0
CUST00719,Champions,18,6,3929.59,8,1.0
CUST00720,At Risk,352,5,3086.61,6,2.0
CUST00721,Potential Loyalists,4,3,3509.03,35,0.0
CUST00722,Dormant,91,1,256.54,4,1.0
CUST00723,Dormant,130,1,546.81,40,0.0
CUST00724,Potential Loyalists,17,3,1850.54,52,0.0
CUST00725,Dormant,202,3,2162.5,0,0.0
CUST00726,Champions,7,11,8607.95,72,4.0
CUST00727,Loyal Customers,69,5,3822.01,54,1.0
CUST00728,Dormant,127,1,396.38,27,1.0
CUST00729,Dormant,201,1,1324.83,6,0.0
CUST00730,Potential Loyalists,13,3,2210.89,18,0.0
CUST00731,Dormant,197,2,1457.58,10,0.0
CUST00732,Potential Loyalists,2,2,874.98,43,1.0
CUST00733,Champions,13,5,3335.1400000000003,24,0.0
CUST00734,Champions,7,8,7745.88,28,2.0
CUST00735,Loyal Customers,17,6,3033.34,6,1.0
CUST00736,Dormant,127,3,1727.68,13,0.0
CUST00737,Potential Loyalists,10,2,1532.3600000000001,5,0.0
CUST00738,Dormant,139,1,545.24,48,1.0
CUST00739,Potential Loyalists,15,2,1791.41,57,0.0
CUST00740,At Risk,322,5,4065.24,24,1.0
CUST00741,Loyal Customers,7,4,2160.6800000000003,12,0.0
CUST00742,Dormant,110,2,1288.91,24,0.0
CUST00743,Champions,1,6,4040.7300000000005,18,1.0
CUST00744,Dormant,126,2,1108.58,11,0.0
CUST00745,Potential Loyalists,1,3,2562.92,95,0.0
CUST00746,Dormant,238,2,1625.12,0,0.0
CUST00747,Potential Loyalists,6,3,2136.34,79,1.0
CUST00748,Loyal Customers,50,8,5195.88,37,1.0
CUST00749,Potential Loyalists,39,3,2194.94,77,0.0
CUST00750,Champions,18,5,4398.99,39,0.0
CUST00751,Potential Loyalists,21,3,2524.67,50,0.0
CUST00752,Dormant,158,2,1319.5500000000002,11,1.0
CUST00753,Dormant,204,1,1093.17,40,0.0
CUST00754,Champions,34,5,5744.99,100,1.0
CUST00755,Dormant,261,2,1585.3600000000001,64,1.0
CUST00756,Dormant,174,3,3223.87,0,2.0
CUST00757,Champions,17,6,3257.69,19,0.0
CUST00758,Champions,21,12,8199.88,84,0.0
CUST00759,Dormant,99,2,1562.24,29,0.0
CUST00760,Dormant,223,2,1132.19,4,1.0
CUST00761,Dormant,254,2,1069.58,5,0.0
CUST00762,Potential Loyalists,9,3,3513.6699999999996,52,1.0
CUST00763,At Risk,249,4,4210.57,0,0.0
CUST00764,Champions,6,7,5460.74,42,0.0
CUST00765,Dormant,159,3,2692.35,10,1.0
CUST00766,Dormant,227,2,1783.35,34,0.0
CUST00767,At Risk,136,7,3498.46,48,3.0
CUST00768,Champions,28,5,4145.38,15,1.0
CUST00769,Loyal Customers,79,6,2815.44,13,2.0
CUST00770,Champions,28,6,4420.31,83,1.0
CUST00771,Dormant,151,1,456.76,59,1.0
CUST00772,Dormant,251,3,3114.63,37,0.0
CUST00773,Dormant,132,3,2278.26,27,1.0
CUST00774,Dormant,162,3,1439.8,10,0.0
CUST00775,Potential Loyalists,11,3,2261.05,51,0.0
CUST00776,At Risk,196,4,3024.9399999999996,0,0.0
CUST00777,Potential Loyalists,16,2,2052.7,10,0.0
CUST00778,At Risk,392,4,3444.29,5,1.0
CUST00779,Potential Loyalists,10,2,1509.0500000000002,18,0.0
CUST00780,Loyal Customers,46,6,4641.68,60,3.0
CUST00781,Dormant,46,2,735.97,19,0.0
CUST00782,Dormant,255,1,505.28,5,0.0
CUST00783,At Risk,293,6,4123.36,18,1.0
CUST00784,Loyal Customers,106,5,3103.73,80,0.0
CUST00785,Champions,9,9,6686.259999999999,20,1.0
CUST00786,At Risk,211,5,5359.3,5,3.0
CUST00787,Loyal Customers,44,8,6425.65,10,2.0
CUST00788,Loyal Customers,12,4,2375.38,53,0.0
CUST00789,Loyal Customers,22,4,2430.0,6,0.0
CUST00790,Dormant,139,1,458.83,65,1.0
CUST00791,Dormant,291,1,1187.93,0,1.0
CUST00792,At Risk,209,6,2976.79,30,1.0
CUST00793,Dormant,174,3,2463.2,6,0.0
CUST00794,At Risk,232,5,2824.37,30,2.0
CUST00795,At Risk,199,4,3787.58,11,0.0
CUST00796,Dormant,212,3,5388.48,37,0.0
CUST00797,Loyal Customers,46,6,4173.97,29,0.0
CUST00798,Loyal Customers,55,11,7027.3,39,1.0
CUST00799,At Risk,117,6,3798.88,12,1.0
CUST00800,Loyal Customers,55,11,11321.24,32,4.0
CUST00801,Dormant,137,3,3345.79,5,1.0
CUST00802,Dormant,262,1,1787.0,4,0.0
CUST00803,Champions,15,9,6758.16,14,1.0
CUST00804,Potential Loyalists,32,3,4024.96,40,0.0
CUST00805,Potential Loyalists,13,2,1767.23,37,0.0
CUST00806,Loyal Customers,12,4,2638.59,46,0.0
CUST00807,Dormant,173,2,1827.0300000000002,28,0.0
CUST00808,Champions,18,8,4724.89,83,2.0
CUST00809,Loyal Customers,52,4,2499.37,79,2.0
CUST00810,Dormant,55,2,1187.01,0,0.0
CUST00811,At Risk,245,6,3477.9399999999996,14,0.0
CUST00812,Dormant,250,1,383.16,0,0.0
CUST00813,Champions,38,10,10122.32,80,4.0
CUST00814,Loyal Customers,51,4,4209.28,77,0.0
CUST00815,Champions,7,6,8248.23,16,2.0
CUST00816,Loyal Customers,10,4,4139.43,33,1.0
CUST00817,Loyal Customers,43,15,12291.02,78,1.0
CUST00818,Dormant,208,1,988.84,7,1.0
CUST00819,Loyal Customers,4,5,2464.45,33,1.0
CUST00820,Dormant,250,2,935.6700000000001,19,0.0
CUST00821,Loyal Customers,37,4,1560.22,41,2.0
CUST00822,Loyal Customers,47,7,5444.48,55,1.0
CUST00823,At Risk,207,8,3291.63,8,3.0
CUST00824,Loyal Customers,27,5,3095.46,28,0.0
CUST00825,Dormant,158,1,410.77,22,0.0
CUST00826,At Risk,219,10,8171.4,43,2.0
CUST00827,Potential Loyalists,21,2,2194.51,21,0.0
CUST00828,Dormant,151,1,355.91,20,0.0
CUST00829,Champions,14,11,6982.35,44,1.0
CUST00830,Loyal Customers,15,4,1997.9499999999998,46,0.0
CUST00831,Loyal Customers,7,4,2386.85,73,2.0
CUST00832,Dormant,46,2,1058.1299999999999,57,0.0
CUST00833,Dormant,128,1,1142.84,26,0.0
CUST00834,Loyal Customers,15,5,2537.02,31,1.0
CUST00835,At Risk,218,9,6888.030000000001,36,1.0
CUST00836,Loyal Customers,26,4,2317.06,29,0.0
CUST00837,Champions,6,5,3553.5,49,0.0
CUST00838,Loyal Customers,70,6,4291.93,81,2.0
CUST00839,Dormant,223,3,1996.99,12,0.0
CUST00840,Champions,11,12,10612.47,16,4.0
CUST00841,Champions,9,9,7419.17,10,2.0
CUST00842,Champions,25,7,7745.47,4,1.0
CUST00843,Dormant,106,1,803.69,6,1.0
CUST00844,Potential Loyalists,41,2,755.87,4,0.0
CUST00845,At Risk,157,4,2758.2200000000003,18,2.0
CUST00846,Champions,40,11,8410.48,82,2.0
CUST00847,Champions,25,8,8043.27,80,2.0
CUST00848,Loyal Customers,20,5,2968.0699999999997,38,0.0
CUST00849,Champions,4,8,4626.5,62,0.0
CUST00850,Dormant,68,2,2278.0299999999997,37,1.0
CUST00851,Loyal Customers,31,4,2428.66,57,1.0
CUST00852,Loyal Customers,32,5,2167.86,6,0.0
CUST00853,Dormant,122,1,318.94,59,1.0
CUST00854,Dormant,340,3,2249.63,7,0.0
CUST00855,Dormant,353,1,613.47,6,0.0
CUST00856,Potential Loyalists,22,2,2859.3100000000004,7,1.0
CUST00857,Champions,5,8,8240.81,21,3.0
CUST00858,Dormant,151,3,2363.5299999999997,5,0.0
CUST00859,At Risk,230,4,2159.64,47,0.0
CUST00860,Loyal Customers,10,4,4975.85,34,1.0
CUST00861,Dormant,231,3,1530.88,16,1.0
CUST00862,At Risk,514,4,3934.7400000000002,8,0.0
CUST00863,Champions,2,5,3905.8599999999997,41,0.0
CUST00864,Dormant,199,2,1042.98,9,2.0
CUST00865,Loyal Customers,6,4,2649.15,45,1.0
CUST00866,Dormant,87,1,1280.71,28,0.0
CUST00867,Dormant,76,1,424.64,31,1.0
CUST00868,Potential Loyalists,13,2,2446.06,75,0.0
CUST00869,At Risk,154,7,4021.25,0,2.0
CUST00870,Loyal Customers,48,8,6011.93,74,1.0
CUST00871,At Risk,183,8,7332.96,19,2.0
CUST00872,Dormant,186,3,1959.48,37,0.0
CUST00873,Loyal Customers,50,6,6473.18,14,0.0
CUST00874,Dormant,82,1,511.56,44,0.0
CUST00875,Loyal Customers,2,5,2503.32,4,0.0
CUST00876,Dormant,97,3,1392.13,37,2.0
CUST00877,Dormant,124,3,1904.33,32,1.0
CUST00878,Loyal Customers,24,4,3527.67,84,0.0
CUST00879,At Risk,216,6,5967.77,16,0.0
CUST00880,Champions,41,6,4867.9,60,1.0
CUST00881,Champions,28,9,9947.49,24,0.0
CUST00882,Dormant,146,2,894.79,14,1.0
CUST00883,Loyal Customers,41,4,7320.71,7,0.0
CUST00884,Dormant,332,1,365.93,4,0.0
CUST00885,Loyal Customers,92,8,6880.8099999999995,58,2.0
CUST00886,Loyal Customers,43,7,4255.63,21,3.0
CUST00887,Loyal Customers,44,4,2990.4700000000003,0,2.0
CUST00888,Dormant,169,3,2556.74,0,0.0
CUST00889,Dormant,105,3,2012.98,13,1.0
CUST00890,Dormant,56,2,1836.2600000000002,5,1.0
CUST00891,Loyal Customers,17,4,4809.09,0,0.0
CUST00892,Potential Loyalists,34,2,1512.83,28,0.0
CUST00893,Dormant,160,2,2269.27,20,0.0
CUST00894,Dormant,86,2,1903.85,9,2.0
CUST00895,At Risk,115,4,1415.7,65,1.0
CUST00896,Loyal Customers,49,12,10648.24,15,2.0
CUST00897,Loyal Customers,4,4,2200.73,22,0.0
CUST00898,At Risk,400,6,4353.639999999999,12,1.0
CUST00899,Dormant,248,1,574.65,26,1.0
CUST00900,Dormant,119,2,1242.65,6,1.0
CUST00901,Loyal Customers,25,5,2464.39,67,3.0
CUST00902,Potential Loyalists,31,2,2750.7200000000003,29,0.0
CUST00903,Dormant,103,1,632.18,83,1.0
CUST00904,Champions,26,9,6237.5,38,4.0
CUST00905,Champions,15,6,5968.610000000001,74,2.0
CUST00906,Dormant,99,2,1449.41,20,0.0
CUST00907,Dormant,281,3,2874.51,14,2.0
CUST00908,Potential Loyalists,13,3,3367.2,12,1.0
CUST00909,Dormant,246,1,615.14,0,1.0
CUST00910,Dormant,188,1,1239.32,17,1.0
CUST00911,Champions,10,12,6468.68,14,1.0
CUST00912,Dormant,199,2,1516.54,0,0.0
CUST00913,Dormant,244,3,1818.9,4,1.0
CUST00914,Loyal Customers,13,4,2222.24,91,0.0
CUST00915,At Risk,174,4,2277.22,4,2.0
CUST00916,Loyal Customers,48,6,4860.93,46,2.0
CUST00917,Dormant,347,3,1704.79,5,1.0
CUST00918,Dormant,297,2,1142.22,7,1.0
CUST00919,Potential Loyalists,3,3,2454.3900000000003,64,1.0
CUST00920,At Risk,127,4,3650.77,82,2.0
CUST00921,Dormant,256,1,1335.06,13,1.0
CUST00922,Potential Loyalists,20,2,1685.92,41,0.0
CUST00923,At Risk,118,7,4149.83,57,2.0
CUST00924,Champions,17,6,3946.79,6,0.0
CUST00925,Potential Loyalists,10,3,1237.22,34,1.0
CUST00926,Loyal Customers,37,4,2339.8,34,1.0
CUST00927,Dormant,404,1,617.86,7,0.0
CUST00928,Dormant,290,1,325.55,5,0.0
CUST00929,Potential Loyalists,20,3,1073.3,36,0.0
CUST00930,Champions,32,6,3844.14,37,1.0
CUST00931,Potential Loyalists,2,3,2714.71,62,0.0
CUST00932,Dormant,144,1,688.68,87,1.0
CUST00933,Dormant,266,3,2102.12,0,0.0
CUST00934,Loyal Customers,105,10,6237.47,25,3.0
CUST00935,Champions,33,7,5188.150000000001,49,0.0
CUST00936,Champions,30,5,3923.66,21,1.0
CUST00937,At Risk,187,5,3342.44,10,1.0
CUST00938,Dormant,87,3,4729.23,11,1.0
CUST00939,Dormant,54,2,1107.05,36,0.0
CUST00940,Loyal Customers,5,4,2899.21,0,2.0
CUST00941,At Risk,244,5,3758.0600000000004,24,2.0
CUST00942,Dormant,68,1,407.18,25,1.0
CUST00943,At Risk,407,5,3965.95,11,0.0
CUST00944,At Risk,135,6,4456.65,6,1.0
CUST00945,Potential Loyalists,13,3,2214.03,37,0.0
CUST00946,Dormant,234,1,542.29,28,0.0
CUST00947,Champions,20,10,10027.53,0,2.0
CUST00948,Dormant,140,1,923.64,74,0.0
CUST00949,Dormant,191,2,1269.04,11,0.0
CUST00950,Dormant,270,3,3765.9,22,1.0
CUST00951,Dormant,57,2,1189.38,40,0.0
CUST00952,Loyal Customers,53,9,5015.73,97,0.0
CUST00953,Loyal Customers,12,4,2392.2400000000002,27,1.0
CUST00954,Potential Loyalists,25,3,1448.85,64,0.0
CUST00955,Dormant,124,2,748.92,23,0.0
CUST00956,Champions,34,8,6939.79,64,2.0
CUST00957,Loyal Customers,31,4,2283.67,34,1.0
CUST00958,Dormant,221,2,1033.42,9,1.0
CUST00959,At Risk,124,7,3865.13,0,1.0
CUST00960,At Risk,207,4,3772.4900000000002,4,2.0
CUST00961,Champions,13,7,4642.05,8,1.0
CUST00962,Dormant,83,1,349.41,63,1.0
CUST00963,Dormant,164,1,641.2,51,0.0
CUST00964,Dormant,280,3,2167.08,0,0.0
CUST00965,Potential Loyalists,7,3,1160.9499999999998,34,2.0
CUST00966,Dormant,43,2,2702.51,21,1.0
CUST00967,Dormant,279,2,2065.27,9,1.0
CUST00968,At Risk,159,6,6505.79,65,1.0
CUST00969,Loyal Customers,21,5,3048.0499999999997,86,1.0
CUST00970,Dormant,249,3,1607.64,26,1.0
CUST00971,Champions,39,9,5971.94,145,1.0
CUST00972,Loyal Customers,52,6,7731.1900000000005,29,1.0
CUST00973,Champions,17,8,3816.52,18,2.0
CUST00974,Champions,23,6,3864.1600000000003,74,2.0
CUST00975,Loyal Customers,20,5,3079.6099999999997,69,0.0
CUST00976,Champions,12,8,6222.9,39,2.0
CUST00977,Loyal Customers,13,4,2475.1,44,0.0
CUST00978,Dormant,368,1,725.16,0,1.0
CUST00979,At Risk,164,8,6304.8099999999995,29,1.0
CUST00980,Dormant,142,1,492.33,27,0.0
CUST00981,Loyal Customers,51,9,6921.92,26,1.0
CUST00982,Loyal Customers,13,5,2494.24,24,3.0
CUST00983,Dormant,317,2,1982.29,5,1.0
CUST00984,Loyal Customers,8,4,4244.13,13,0.0
CUST00985,Dormant,146,1,734.6,24,1.0
CUST00986,Champions,7,6,3804.19,5,0.0
CUST00987,Champions,36,6,6292.92,14,1.0
CUST00988,Loyal Customers,45,7,4773.01,18,0.0
CUST00989,At Risk,219,5,4165.87,0,0.0
CUST00990,Champions,15,9,6877.57,38,2.0
CUST00991,Loyal Customers,49,12,11918.47,55,2.0
CUST00992,At Risk,333,5,4442.45,24,0.0
CUST00993,At Risk,225,7,6785.33,5,1.0
CUST00994,Champions,12,8,7749.85,56,0.0
CUST00995,At Risk,220,4,2523.84,27,0.0
CUST00996,Champions,20,8,4295.360000000001,76,3.0
CUST00997,Dormant,241,1,325.85,26,1.0
CUST00998,Champions,24,5,4050.55,31,0.0
CUST00999,At Risk,209,7,4930.56,0,2.0
CUST01000,Loyal Customers,22,4,3336.54,21,1.0
CUST01001,At Risk,374,5,4064.54,6,0.0
CUST01002,Champions,41,6,3771.06,67,0.0
CUST01003,Dormant,199,1,944.62,43,1.0
CUST01004,At Risk,276,7,5599.9,4,1.0
CUST01005,Dormant,205,1,1329.67,19,1.0
CUST01006,Dormant,48,3,1795.3999999999999,17,0.0
CUST01007,Loyal Customers,57,5,2893.62,30,1.0
CUST01008,Dormant,330,1,473.15,6,0.0
CUST01009,Potential Loyalists,32,2,1137.6100000000001,48,0.0
CUST01010,Potential Loyalists,17,2,781.3599999999999,21,0.0
CUST01011,At Risk,426,4,1951.66,29,0.0
CUST01012,Champions,22,5,3441.3199999999997,48,2.0
CUST01013,Dormant,368,2,1302.3899999999999,0,1.0
CUST01014,At Risk,198,7,3972.09,4,1.0
CUST01015,Loyal Customers,12,5,2736.99,53,1.0
CUST01016,Loyal Customers,37,4,1706.07,26,0.0
CUST01017,Loyal Customers,47,6,5902.049999999999,20,2.0
CUST01018,Potential Loyalists,7,2,1107.73,73,1.0
CUST01019,Dormant,351,2,1151.0900000000001,21,1.0
CUST01020,Dormant,192,1,236.73,7,0.0
CUST01021,Dormant,52,3,1191.98,28,1.0
CUST01022,Dormant,313,2,1528.4,0,1.0
CUST01023,Dormant,265,1,948.21,34,0.0
CUST01024,Potential Loyalists,18,2,996.72,57,0.0
CUST01025,Champions,24,6,7672.870000000001,143,2.0
CUST01026,Dormant,126,2,759.58,61,1.0
CUST01027,Loyal Customers,59,5,4590.97,57,2.0
CUST01028,Dormant,234,1,2809.6,29,0.0
CUST01029,Loyal Customers,19,5,2874.62,22,2.0
CUST01030,Loyal Customers,60,12,9864.789999999999,58,0.0
CUST01031,At Risk,235,5,3089.5600000000004,22,1.0
CUST01032,Dormant,45,2,994.23,35,0.0
CUST01033,Loyal Customers,55,11,5721.55,21,4.0
CUST01034,Loyal Customers,46,10,6196.6,41,0.0
CUST01035,Champions,10,8,4307.32,34,1.0
CUST01036,At Risk,202,6,5297.63,43,0.0
CUST01037,Potential Loyalists,27,2,1802.65,34,0.0
CUST01038,At Risk,113,4,1834.46,21,1.0
CUST01039,Loyal Customers,18,4,2593.19,68,2.0
CUST01040,Dormant,191,1,594.23,6,1.0
CUST01041,Potential Loyalists,1,2,751.07,6,0.0
CUST01042,Potential Loyalists,35,2,1249.24,62,0.0
CUST01043,Dormant,135,1,464.25,4,0.0
CUST01044,Potential Loyalists,31,3,3450.2,8,0.0
CUST01045,Potential Loyalists,4,3,2304.71,17,0.0
CUST01046,Dormant,166,1,1032.89,4,1.0
CUST01047,Dormant,210,1,389.07,8,0.0
CUST01048,Dormant,189,1,616.59,57,1.0
CUST01049,Dormant,205,1,345.2,46,0.0
CUST01050,Loyal Customers,38,4,3112.21,54,0.0
CUST01051,Dormant,164,2,1390.63,31,1.0
CUST01052,Dormant,234,1,763.75,49,0.0
CUST01053,Dormant,207,2,2622.57,0,1.0
CUST01054,At Risk,237,5,2628.9300000000003,5,2.0
CUST01055,At Risk,267,4,4625.5599999999995,68,1.0
CUST01056,Loyal Customers,45,7,5364.88,13,2.0
CUST01057,Potential Loyalists,24,2,1334.53,19,1.0
CUST01058,Dormant,171,3,1535.77,5,2.0
CUST01059,Dormant,207,1,601.72,19,1.0
CUST01060,Loyal Customers,32,4,3439.38,9,1.0
CUST01061,Loyal Customers,3,4,2155.06,58,0.0
CUST01062,At Risk,355,5,2991.27,6,2.0
CUST01063,Potential Loyalists,30,3,1627.58,14,1.0
CUST01064,Loyal Customers,57,4,2049.1499999999996,38,0.0
CUST01065,Dormant,59,3,1607.17,18,1.0
CUST01066,Loyal Customers,31,4,2965.5299999999997,14,0.0
CUST01067,Champions,7,5,4606.679999999999,15,1.0
CUST01068,At Risk,191,5,3945.95,14,0.0
CUST01069,Dormant,53,2,3871.4700000000003,19,0.0
CUST01070,Champions,13,11,7739.12,6,2.0
CUST01071,Dormant,55,2,1287.3400000000001,44,0.0
CUST01072,Dormant,244,1,377.27,34,1.0
CUST01073,Dormant,141,3,4033.7000000000003,24,2.0
CUST01074,Dormant,175,3,1784.42,80,0.0
CUST01075,Dormant,87,2,1464.29,6,2.0
CUST01076,Champions,11,8,4484.14,12,1.0
CUST01077,Dormant,129,1,1080.77,5,0.0
CUST01078,Dormant,217,2,777.22,8,1.0
CUST01079,Dormant,238,1,1832.92,27,0.0
CUST01080,Dormant,178,3,1250.62,0,2.0
CUST01081,Champions,13,6,5326.09,0,1.0
CUST01082,Dormant,96,1,1181.66,20,0.0
CUST01083,Dormant,297,2,767.05,5,0.0
CUST01084,Loyal Customers,60,9,5090.81,19,1.0
CUST01085,Dormant,419,1,1786.06,7,0.0
CUST01086,Champions,38,6,4690.18,34,3.0
CUST01087,Dormant,63,1,839.43,8,1.0
CUST01088,Potential Loyalists,4,2,1174.46,55,0.0
CUST01089,Dormant,86,1,337.51,9,0.0
CUST01090,Dormant,205,2,1200.77,5,0.0
CUST01091,Dormant,148,1,505.4,45,1.0
CUST01092,At Risk,257,9,7556.9,14,2.0
CUST01093,Loyal Customers,20,5,2177.05,25,1.0
CUST01094,Loyal Customers,58,7,4686.0,8,3.0
CUST01095,Loyal Customers,25,4,2634.15,10,0.0
CUST01096,Champions,15,8,5848.84,60,2.0
CUST01097,At Risk,294,5,2841.22,29,0.0
CUST01098,Dormant,259,2,1964.25,12,1.0
CUST01099,Champions,7,11,7259.41,70,0.0
CUST01100,Potential Loyalists,19,3,1520.78,13,0.0
CUST01101,Dormant,71,1,732.91,14,0.0
CUST01102,Loyal Customers,55,8,4899.84,47,0.0
CUST01103,At Risk,137,4,2384.85,0,1.0
CUST01104,Champions,2,7,4508.23,40,1.0
CUST01105,Dormant,145,3,1353.63,44,1.0
CUST01106,Dormant,47,2,1648.8400000000001,90,0.0
CUST01107,Dormant,152,2,980.0699999999999,13,1.0
CUST01108,Loyal Customers,53,5,3662.24,8,1.0
CUST01109,Dormant,50,2,1011.0899999999999,49,0.0
CUST01110,At Risk,321,6,3554.06,4,1.0
CUST01111,At Risk,156,7,7703.55,7,3.0
CUST01112,Champions,10,5,3121.73,34,2.0
CUST01113,Champions,41,7,3568.85,45,2.0
CUST01114,Dormant,208,1,831.94,5,0.0
CUST01115,Champions,9,11,7450.88,17,5.0
CUST01116,Potential Loyalists,34,2,2501.7999999999997,53,1.0
CUST01117,Champions,29,10,7739.33,40,0.0
CUST01118,Loyal Customers,48,6,2962.7799999999997,0,2.0
CUST01119,Dormant,185,1,654.67,27,0.0
CUST01120,Champions,10,5,3335.16,41,1.0
CUST01121,Potential Loyalists,23,3,2102.81,0,0.0
CUST01122,Potential Loyalists,8,2,1694.55,48,0.0
CUST01123,Dormant,243,2,958.69,6,2.0
CUST01124,At Risk,233,9,5960.1,46,0.0
CUST01125,At Risk,306,5,4034.96,14,3.0
CUST01126,Dormant,54,3,4059.0,65,0.0
CUST01127,Dormant,191,2,774.6899999999999,6,0.0
CUST01128,Dormant,243,1,1108.73,26,0.0
CUST01129,Dormant,218,1,675.97,45,0.0
CUST01130,At Risk,160,4,2506.58,42,2.0
CUST01131,Champions,16,5,3988.9300000000003,25,3.0
CUST01132,Loyal Customers,58,7,6032.4800000000005,131,0.0
CUST01133,Dormant,97,2,779.1500000000001,57,0.0
CUST01134,Champions,1,8,6725.5,70,2.0
CUST01135,Dormant,154,3,3302.06,10,0.0
CUST01136,Champions,35,8,4771.79,7,5.0
CUST01137,Dormant,176,3,1483.05,61,3.0
CUST01138,At Risk,195,5,2475.44,11,1.0
CUST01139,Potential Loyalists,25,3,3551.06,22,0.0
CUST01140,Champions,36,7,6152.8,18,1.0
CUST01141,Dormant,176,1,691.6,9,1.0
CUST01142,Dormant,58,3,2106.45,121,0.0
CUST01143,Dormant,48,3,2317.4,5,0.0
CUST01144,Champions,10,5,5100.0599999999995,26,1.0
CUST01145,Dormant,244,3,1800.48,13,1.0
CUST01146,Champions,34,7,5655.33,52,0.0
CUST01147,Champions,10,8,6255.83,78,2.0
CUST01148,At Risk,189,9,6527.14,4,3.0
CUST01149,Loyal Customers,53,7,4258.59,0,1.0
CUST01150,At Risk,228,5,2478.69,17,1.0
CUST01151,At Risk,166,4,3131.54,6,1.0
CUST01152,Champions,13,9,8889.18,47,1.0
CUST01153,Dormant,94,1,714.43,49,1.0
CUST01154,Champions,2,6,4527.93,64,0.0
CUST01155,Loyal Customers,51,5,3050.8099999999995,52,2.0
CUST01156,Loyal Customers,44,5,2519.3900000000003,28,0.0
CUST01157,Champions,25,6,4286.4800000000005,53,2.0
CUST01158,Loyal Customers,15,4,4631.96,52,1.0
CUST01159,Champions,7,7,4797.0599999999995,10,2.0
CUST01160,Dormant,227,3,1700.8000000000002,10,1.0
CUST01161,At Risk,215,5,4953.99,31,2.0
CUST01162,Potential Loyalists,40,3,3028.83,5,0.0
CUST01163,Dormant,436,1,379.14,14,1.0
CUST01164,Dormant,98,1,965.68,67,0.0
CUST01165,Dormant,216,2,1690.75,20,0.0
CUST01166,Loyal Customers,102,4,3104.76,10,2.0
CUST01167,Champions,28,11,6958.25,13,1.0
CUST01168,Potential Loyalists,8,3,1299.57,36,0.0
CUST01169,Dormant,48,2,1610.46,76,1.0
CUST01170,Dormant,200,2,1210.01,13,1.0
CUST01171,Potential Loyalists,19,2,1179.55,22,0.0
CUST01172,Champions,19,12,11477.67,27,0.0
CUST01173,Champions,26,7,7099.030000000001,49,1.0
CUST01174,Dormant,150,3,1722.3700000000001,65,1.0
CUST01175,Loyal Customers,45,9,6896.39,43,0.0
CUST01176,Dormant,276,1,149.0,45,0.0
CUST01177,Champions,9,5,3190.53,0,0.0
CUST01178,Dormant,128,3,1298.14,72,0.0
CUST01179,Dormant,169,1,536.83,20,0.0
CUST01180,Dormant,58,3,2999.97,13,2.0
CUST01181,Dormant,198,1,296.32,9,1.0
CUST01182,Champions,13,6,4031.5,47,0.0
CUST01183,Loyal Customers,25,4,2836.54,0,1.0
CUST01184,Champions,20,6,3313.56,33,0.0
CUST01185,Champions,26,7,6083.03,4,2.0
CUST01186,Dormant,214,3,2962.35,4,1.0
CUST01187,Champions,26,5,3483.44,16,1.0
CUST01188,Dormant,153,2,688.52,56,2.0
CUST01189,Dormant,222,3,3126.0299999999997,44,1.0
CUST01190,Champions,35,5,4507.73,17,0.0
CUST01191,Dormant,113,1,510.71,4,0.0
CUST01192,Loyal Customers,51,5,3055.98,81,0.0
CUST01193,Dormant,518,1,270.13,0,0.0
CUST01194,At Risk,146,3,1852.1599999999999,9,2.0
CUST01195,Dormant,155,1,542.27,27,1.0
CUST01196,At Risk,172,3,3110.08,43,1.0
CUST01197,Dormant,138,2,406.22,16,0.0
CUST01198,Dormant,49,2,996.83,23,1.0
CUST01199,At Risk,420,3,2144.4,7,1.0
CUST01200,Dormant,51,2,1100.3,24,0.0
CUST01201,At Risk,219,7,5885.4,45,4.0
CUST01202,Dormant,193,1,650.67,37,0.0
CUST01203,Loyal Customers,59,3,842.47,22,1.0
CUST01204,Champions,17,8,4921.26,0,2.0
CUST01205,At Risk,323,4,1861.62,6,0.0
CUST01206,Dormant,134,1,819.46,65,0.0
CUST01207,Dormant,171,2,638.4200000000001,0,0.0
CUST01208,Loyal Customers,38,4,1928.58,4,0.0
CUST01209,Champions,4,9,4517.05,35,1.0
CUST01210,Dormant,327,1,429.55,0,0.0
CUST01211,Loyal Customers,52,6,4369.23,54,4.0
CUST01212,Champions,23,7,6134.99,0,2.0
CUST01213,Dormant,224,1,492.41,19,1.0
CUST01214,At Risk,185,4,5584.12,15,0.0
CUST01215,Champions,29,5,4449.57,0,0.0
CUST01216,Dormant,168,1,1022.33,70,0.0
CUST01217,Dormant,224,2,1295.0,40,0.0
CUST01218,Champions,7,7,4839.62,34,1.0
CUST01219,Loyal Customers,20,3,1368.38,21,2.0
CUST01220,Dormant,159,1,1095.74,5,0.0
CUST01221,Loyal Customers,29,4,2504.8,26,0.0
CUST01222,Loyal Customers,12,4,2229.4500000000003,0,0.0
CUST01223,At Risk,179,6,3738.91,5,1.0
CUST01224,Dormant,94,1,1005.1,37,0.0
CUST01225,Dormant,158,1,620.28,22,1.0
CUST01226,Loyal Customers,98,4,2967.87,43,2.0
CUST01227,Loyal Customers,104,5,2824.19,59,1.0
CUST01228,At Risk,273,4,2998.23,7,0.0
CUST01229,At Risk,208,4,1965.74,24,1.0
CUST01230,Dormant,173,2,1398.63,10,0.0
CUST01231,Loyal Customers,15,4,2051.59,0,0.0
CUST01232,Dormant,244,2,906.6800000000001,46,0.0
CUST01233,Champions,12,9,8057.13,52,1.0
CUST01234,At Risk,176,3,2999.91,15,0.0
CUST01235,At Risk,222,5,3111.29,16,0.0
CUST01236,Champions,33,11,6340.12,50,1.0
CUST01237,At Risk,164,3,1474.19,4,1.0
CUST01238,Loyal Customers,46,7,5105.49,4,1.0
CUST01239,Potential Loyalists,11,2,2242.2200000000003,46,0.0
CUST01240,Dormant,80,1,434.11,57,0.0
CUST01241,Dormant,57,2,505.20000000000005,43,0.0
CUST01242,Loyal Customers,58,10,11607.81,0,2.0
CUST01243,At Risk,135,3,1470.48,57,1.0
CUST01244,Champions,24,6,4620.29,46,1.0
CUST01245,Dormant,316,2,1283.42,8,0.0
CUST01246,Loyal Customers,23,4,3353.49,5,1.0
CUST01247,Loyal Customers,40,4,3108.17,69,1.0
CUST01248,Dormant,49,2,2081.32,34,0.0
CUST01249,Champions,15,6,4053.69,67,0.0
CUST01250,Potential Loyalists,42,2,2250.91,0,1.0
CUST01251,At Risk,113,11,6352.58,16,4.0
CUST01252,Loyal Customers,99,4,2575.58,4,0.0
CUST01253,Dormant,160,2,2035.62,82,0.0
CUST01254,Loyal Customers,12,3,3087.35,21,1.0
CUST01255,Potential Loyalists,30,2,2558.23,45,1.0
CUST01256,Dormant,347,1,564.83,19,1.0
CUST01257,Loyal Customers,88,5,3430.98,25,2.0
CUST01258,At Risk,311,7,4454.38,29,1.0
CUST01259,At Risk,155,6,4645.31,0,3.0
CUST01260,Potential Loyalists,12,2,1544.69,26,0.0
CUST01261,Loyal Customers,21,3,1007.37,4,0.0
CUST01262,Dormant,86,1,195.09,61,0.0
CUST01263,Champions,15,11,7575.91,26,3.0
CUST01264,Dormant,112,2,2890.16,29,0.0
CUST01265,Loyal Customers,4,4,2608.96,55,0.0
CUST01266,Champions,41,8,6138.87,55,2.0
CUST01267,Loyal Customers,49,9,6217.47,9,1.0
CUST01268,Loyal Customers,80,7,6083.44,31,2.0
CUST01269,Potential Loyalists,31,2,1116.62,15,0.0
CUST01270,Potential Loyalists,16,2,535.01,17,1.0
CUST01271,Potential Loyalists,12,2,1285.54,41,0.0
CUST01272,Potential Loyalists,13,2,2481.63,6,0.0
CUST01273,Dormant,210,2,1602.01,6,1.0
CUST01274,Champions,19,8,6462.28,71,3.0
CUST01275,Loyal Customers,53,4,3098.1,93,1.0
CUST01276,Loyal Customers,25,6,3093.02,16,1.0
CUST01277,At Risk,160,5,3500.13,25,0.0
CUST01278,Loyal Customers,57,5,2929.04,6,1.0
CUST01279,Dormant,162,1,1494.42,16,1.0
CUST01280,Loyal Customers,45,9,8496.5,25,0.0
CUST01281,At Risk,276,3,1971.02,30,0.0
CUST01282,Dormant,139,1,499.65,20,1.0
CUST01283,Loyal Customers,101,10,6697.49,48,3.0
CUST01284,At Risk,253,5,4033.89,7,1.0
CUST01285,At Risk,185,8,6478.76,11,1.0
CUST01286,Loyal Customers,22,4,2484.92,9,0.0
CUST01287,Champions,5,5,3139.93,13,1.0
CUST01288,Dormant,193,1,486.14,0,0.0
CUST01289,Loyal Customers,7,4,3429.63,46,0.0
CUST01290,Loyal Customers,2,4,2817.87,51,0.0
CUST01291,Loyal Customers,25,5,2781.77,14,1.0
CUST01292,Loyal Customers,11,3,2891.04,19,0.0
CUST01293,Champions,19,8,5379.42,0,1.0
CUST01294,Potential Loyalists,22,2,1117.3899999999999,69,0.0
CUST01295,At Risk,182,4,12408.61,73,1.0
CUST01296,Loyal Customers,5,3,2641.67,8,0.0
CUST01297,Loyal Customers,3,6,3084.59,26,2.0
CUST01298,At Risk,390,4,1161.46,0,1.0
CUST01299,At Risk,232,3,2011.06,59,0.0
CUST01300,Champions,34,9,4951.68,60,1.0
CUST01301,At Risk,146,4,1662.8999999999999,18,2.0
CUST01302,Champions,30,9,7115.13,33,0.0
CUST01303,Dormant,81,2,1442.63,16,2.0
CUST01304,Loyal Customers,26,6,2819.6800000000003,54,1.0
CUST01305,Dormant,111,1,311.4,34,0.0
CUST01306,Champions,40,7,7826.82,11,1.0
CUST01307,Dormant,295,2,1179.22,18,0.0
CUST01308,At Risk,180,3,2085.04,24,0.0
CUST01309,Champions,1,8,4131.1,11,0.0
CUST01310,Loyal Customers,58,6,4660.18,47,3.0
CUST01311,Champions,11,7,4950.09,6,1.0
CUST01312,Loyal Customers,53,6,5456.15,38,0.0
CUST01313,Champions,41,8,7816.55,34,1.0
CUST01314,Champions,18,6,4916.42,30,2.0
CUST01315,Dormant,283,1,473.31,4,0.0
CUST01316,Dormant,181,1,407.44,68,1.0
CUST01317,At Risk,317,4,3389.0,4,0.0
CUST01318,Dormant,191,2,911.45,12,0.0
CUST01319,Potential Loyalists,24,2,1224.1,55,0.0
CUST01320,At Risk,211,3,1828.6799999999998,40,1.0
CUST01321,Champions,36,8,4480.23,46,3.0
CUST01322,At Risk,157,4,3476.6,14,0.0
CUST01323,At Risk,337,3,1273.29,21,0.0
CUST01324,Dormant,288,1,967.23,6,0.0
CUST01325,Champions,28,8,8601.32,4,2.0
CUST01326,At Risk,192,3,4393.63,17,0.0
CUST01327,Champions,5,6,6707.79,58,0.0
CUST01328,Loyal Customers,34,4,3436.0299999999997,26,0.0
CUST01329,Champions,6,6,3260.46,32,1.0
CUST01330,Champions,4,6,5424.99,37,1.0
CUST01331,Loyal Customers,56,7,6201.48,42,2.0
CUST01332,Champions,8,6,5804.94,45,0.0
CUST01333,Dormant,108,1,420.65,8,0.0
CUST01334,At Risk,221,4,2962.17,6,1.0
CUST01335,Champions,29,8,6755.67,28,1.0
CUST01336,Dormant,62,2,910.6700000000001,0,0.0
CUST01337,Potential Loyalists,6,2,1695.5300000000002,88,0.0
CUST01338,Dormant,68,1,232.88,87,1.0
CUST01339,Dormant,223,1,450.33,22,1.0
CUST01340,Dormant,137,1,624.33,21,0.0
CUST01341,Dormant,99,1,395.13,21,0.0
CUST01342,At Risk,145,3,2125.98,67,0.0
CUST01343,Champions,3,8,4969.94,15,1.0
CUST01344,Dormant,456,1,1054.04,20,0.0
CUST01345,Loyal Customers,18,3,4114.54,49,0.0
CUST01346,Champions,25,11,7141.32,35,2.0
CUST01347,Dormant,189,1,316.63,23,0.0
CUST01348,At Risk,201,4,2160.61,15,1.0
CUST01349,Champions,36,5,4006.6400000000003,0,0.0
CUST01350,Dormant,251,2,1242.73,5,1.0
CUST01351,Dormant,91,1,542.87,52,1.0
CUST01352,At Risk,184,7,5877.57,4,2.0
CUST01353,Potential Loyalists,21,2,875.0699999999999,4,1.0
CUST01354,Loyal Customers,7,3,1670.79,66,1.0
CUST01355,Loyal Customers,15,4,3034.98,15,0.0
CUST01356,Dormant,103,2,1149.21,0,1.0
CUST01357,At Risk,187,6,4681.22,11,0.0
CUST01358,Loyal Customers,12,3,2267.79,56,0.0
CUST01359,At Risk,167,5,3628.17,23,3.0
CUST01360,At Risk,221,8,12310.69,35,2.0
CUST01361,Potential Loyalists,40,2,1394.67,29,0.0
CUST01362,At Risk,141,4,2803.19,105,2.0
CUST01363,Champions,15,5,3348.52,45,0.0
CUST01364,Dormant,209,1,1261.0,13,0.0
CUST01365,Dormant,308,2,749.98,4,0.0
CUST01366,At Risk,159,6,3862.08,16,1.0
CUST01367,Dormant,117,1,363.62,57,1.0
CUST01368,Dormant,369,1,498.64,54,0.0
CUST01369,Loyal Customers,28,3,1987.3700000000001,49,1.0
CUST01370,Loyal Customers,48,4,4175.42,9,0.0
CUST01371,Loyal Customers,24,4,5626.71,25,1.0
CUST01372,Dormant,132,1,366.8,30,1.0
CUST01373,Dormant,106,1,291.54,20,0.0
CUST01374,Dormant,149,1,282.0,33,0.0
CUST01375,Loyal Customers,9,5,2961.63,22,0.0
CUST01376,Potential Loyalists,5,2,1173.88,29,0.0
CUST01377,Potential Loyalists,13,2,1222.72,40,1.0
CUST01378,Dormant,178,1,348.74,66,0.0
CUST01379,Dormant,247,1,2392.34,32,0.0
CUST01380,Champions,28,8,4291.17,7,1.0
CUST01381,Loyal Customers,57,9,6070.99,58,0.0
CUST01382,Loyal Customers,65,3,1589.74,22,1.0
CUST01383,Loyal Customers,4,5,2934.6099999999997,62,1.0
CUST01384,At Risk,206,6,7520.42,24,2.0
CUST01385,Champions,7,6,3144.83,42,1.0
CUST01386,Champions,25,7,7871.0,25,4.0
CUST01387,At Risk,189,7,6963.04,12,0.0
CUST01388,Dormant,131,2,3498.38,5,0.0
CUST01389,Loyal Customers,52,5,3418.09,32,1.0
CUST01390,Champions,4,5,4335.11,78,0.0
CUST01391,Loyal Customers,27,4,4170.52,41,1.0
CUST01392,Potential Loyalists,40,2,2074.31,8,0.0
CUST01393,At Risk,146,4,2203.42,0,0.0
CUST01394,Champions,18,6,6809.219999999999,64,0.0
CUST01395,Champions,32,7,6725.89,16,0.0
CUST01396,Dormant,188,1,826.44,11,1.0
CUST01397,Loyal Customers,48,8,6615.66,70,1.0
CUST01398,Dormant,118,1,1672.19,32,1.0
CUST01399,Champions,5,9,4800.65,61,2.0
CUST01400,Dormant,195,2,863.9,7,0.0
CUST01401,Loyal Customers,4,3,3231.27,17,0.0
CUST01402,Dormant,315,2,1474.48,0,1.0
CUST01403,At Risk,390,4,2287.41,5,0.0
CUST01404,At Risk,263,9,6788.52,67,2.0
CUST01405,Loyal Customers,41,4,2894.68,8,0.0
CUST01406,At Risk,283,5,5888.31,10,1.0
CUST01407,At Risk,200,3,1992.79,21,2.0
CUST01408,Dormant,368,2,792.08,0,0.0
CUST01409,Champions,24,6,3485.92,4,2.0
CUST01410,Loyal Customers,60,9,6311.650000000001,71,1.0
CUST01411,Champions,37,7,4800.9400000000005,0,2.0
CUST01412,Dormant,152,1,348.68,43,0.0
CUST01413,Dormant,295,1,623.43,15,0.0
CUST01414,Loyal Customers,52,5,3205.99,43,2.0
CUST01415,Dormant,55,2,1153.7,50,0.0
CUST01416,Champions,20,7,4723.1900000000005,59,5.0
CUST01417,At Risk,210,7,3650.18,13,2.0
CUST01418,Dormant,237,2,1190.06,49,0.0
CUST01419,Loyal Customers,52,4,2614.52,6,0.0
CUST01420,Champions,7,5,4651.29,70,1.0
CUST01421,Dormant,107,1,1155.37,81,1.0
CUST01422,Loyal Customers,28,5,2562.66,15,1.0
CUST01423,Loyal Customers,9,4,2782.71,21,0.0
CUST01424,Potential Loyalists,21,2,3009.8599999999997,16,0.0
CUST01425,Dormant,109,1,1148.76,20,0.0
CUST01426,Loyal Customers,13,3,2149.37,42,0.0
CUST01427,Champions,23,8,5054.69,49,4.0
CUST01428,Loyal Customers,25,3,1588.9099999999999,92,1.0
CUST01429,Champions,39,8,5236.96,27,3.0
CUST01430,Loyal Customers,45,4,2702.2,74,3.0
CUST01431,Dormant,73,2,2482.59,40,1.0
CUST01432,At Risk,163,3,1075.54,9,1.0
CUST01433,At Risk,169,4,2386.67,45,1.0
CUST01434,Champions,39,7,3210.12,31,2.0
CUST01435,Dormant,247,1,2210.82,0,0.0
CUST01436,Loyal Customers,60,3,2890.83,89,0.0
CUST01437,At Risk,307,5,4720.65,13,3.0
CUST01438,Dormant,218,2,2087.95,0,0.0
CUST01439,Champions,34,9,9011.16,29,2.0
CUST01440,Champions,5,7,8208.3,17,3.0
CUST01441,Dormant,383,1,472.82,5,0.0
CUST01442,Loyal Customers,55,5,3845.98,60,3.0
CUST01443,Champions,28,7,6202.36,6,0.0
CUST01444,Dormant,93,2,1096.85,11,0.0
CUST01445,At Risk,176,10,6651.53,9,1.0
CUST01446,At Risk,193,3,2796.4,34,0.0
CUST01447,Champions,11,6,3532.04,67,0.0
CUST01448,Dormant,294,2,1268.95,6,1.0
CUST01449,Loyal Customers,18,3,1448.54,21,1.0
CUST01450,At Risk,187,6,3188.3,9,1.0
CUST01451,Loyal Customers,2,3,2778.46,59,1.0
CUST01452,At Risk,177,4,5779.52,69,0.0
CUST01453,At Risk,143,4,4084.96,49,1.0
CUST01454,Loyal Customers,17,5,2872.15,13,1.0
CUST01455,At Risk,396,3,1376.1200000000001,0,1.0
CUST01456,Potential Loyalists,13,2,1988.42,51,1.0
CUST01457,At Risk,309,4,4798.75,0,0.0
CUST01458,Dormant,113,1,1462.88,6,0.0
CUST01459,Loyal Customers,45,7,5578.12,27,0.0
CUST01460,At Risk,189,4,2187.99,21,1.0
CUST01461,Loyal Customers,56,4,3000.34,21,0.0
CUST01462,Loyal Customers,31,3,1037.9,14,0.0
CUST01463,Dormant,417,2,987.71,5,1.0
CUST01464,Loyal Customers,35,4,4338.4,73,0.0
CUST01465,Loyal Customers,45,3,963.97,110,0.0
CUST01466,At Risk,117,4,2864.6,10,2.0
CUST01467,Dormant,150,2,649.13,24,0.0
CUST01468,Dormant,227,1,1034.31,29,0.0
CUST01469,Loyal Customers,19,4,2948.27,0,0.0
CUST01470,At Risk,302,4,2987.34,6,2.0
CUST01471,At Risk,138,6,3471.86,29,3.0
CUST01472,Champions,23,9,5477.46,19,2.0
CUST01473,Champions,23,7,4402.66,29,0.0
CUST01474,Dormant,122,2,959.29,44,2.0
CUST01475,Dormant,175,1,650.36,0,1.0
CUST01476,At Risk,188,3,1923.93,0,2.0
CUST01477,Champions,26,7,4199.58,17,2.0
CUST01478,Loyal Customers,101,5,5291.51,51,1.0
CUST01479,Champions,29,6,4142.6,0,0.0
CUST01480,Dormant,408,1,682.11,12,0.0
CUST01481,At Risk,183,4,3016.96,16,1.0
CUST01482,At Risk,219,5,5965.95,4,1.0
CUST01483,Loyal Customers,47,9,4372.67,26,2.0
CUST01484,At Risk,172,3,1606.77,4,0.0
CUST01485,At Risk,130,3,2973.96,25,1.0
CUST01486,Dormant,109,1,770.52,34,0.0
CUST01487,At Risk,293,5,2548.9700000000003,5,2.0
CUST01488,Loyal Customers,94,6,2851.24,92,2.0
CUST01489,Champions,25,6,6069.19,45,1.0
CUST01490,At Risk,183,7,5285.2,13,2.0
CUST01491,Loyal Customers,53,5,5704.9,34,2.0
CUST01492,Champions,9,5,5850.42,66,3.0
CUST01493,Loyal Customers,43,3,2016.38,0,0.0
CUST01494,At Risk,326,4,1888.54,7,1.0
CUST01495,Champions,38,7,4320.469999999999,0,1.0
CUST01496,Potential Loyalists,16,2,1574.18,57,0.0
CUST01497,Champions,20,6,3879.41,34,1.0
CUST01498,Champions,31,8,5154.349999999999,94,1.0
CUST01499,At Risk,194,5,4317.6,19,0.0
CUST01500,Champions,23,6,4081.71,48,0.0
CUST01501,Dormant,127,2,646.4300000000001,40,2.0
CUST01502,Loyal Customers,58,3,1698.54,88,1.0
CUST01503,At Risk,151,4,2509.01,47,1.0
CUST01504,At Risk,213,3,1436.96,0,2.0
CUST01505,Dormant,58,2,1100.77,11,0.0
CUST01506,At Risk,201,4,2676.48,20,2.0
CUST01507,At Risk,186,5,4142.6,34,2.0
CUST01508,Potential Loyalists,26,2,1347.03,70,0.0
CUST01509,Loyal Customers,40,5,2921.37,126,2.0
CUST01510,Dormant,193,2,1667.1,47,0.0
CUST01511,Loyal Customers,53,5,4446.95,62,2.0
CUST01512,Champions,7,9,7963.07,21,2.0
CUST01513,Dormant,192,1,1062.28,0,0.0
CUST01514,Loyal Customers,5,4,1891.2,35,0.0
CUST01515,Champions,38,7,5880.29,27,0.0
CUST01516,Dormant,233,1,421.68,73,1.0
CUST01517,At Risk,148,4,1921.46,16,2.0
CUST01518,Dormant,546,1,569.86,6,0.0
CUST01519,Champions,39,6,5143.28,0,0.0
CUST01520,Potential Loyalists,17,2,921.8499999999999,62,0.0
CUST01521,Loyal Customers,14,3,1626.35,12,0.0
CUST01522,Dormant,129,1,882.29,9,0.0
CUST01523,Champions,35,6,4534.55,4,1.0
CUST01524,Potential Loyalists,34,2,2947.84,34,1.0
CUST01525,Loyal Customers,11,5,2503.9199999999996,5,0.0
CUST01526,Champions,20,5,4209.43,50,2.0
CUST01527,At Risk,387,3,2802.84,7,0.0
CUST01528,Dormant,166,1,424.84,56,1.0
CUST01529,Dormant,255,1,1455.91,0,0.0
CUST01530,At Risk,243,5,4146.860000000001,34,2.0
CUST01531,Dormant,283,2,1077.94,17,2.0
CUST01532,At Risk,220,6,2788.44,34,1.0
CUST01533,Dormant,228,1,697.43,43,0.0
CUST01534,Loyal Customers,10,4,2557.49,37,0.0
CUST01535,Loyal Customers,59,9,3967.66,53,2.0
CUST01536,Potential Loyalists,27,2,1335.29,9,1.0
CUST01537,Dormant,184,1,355.81,22,0.0
CUST01538,Potential Loyalists,12,2,811.26,53,0.0
CUST01539,Dormant,219,1,643.65,0,1.0
CUST01540,At Risk,256,3,2546.85,20,1.0
CUST01541,Potential Loyalists,1,2,962.55,28,0.0
CUST01542,Loyal Customers,17,4,2775.17,75,0.0
CUST01543,Dormant,192,1,1270.64,37,0.0
CUST01544,Champions,33,11,6887.0,80,4.0
CUST01545,Dormant,167,2,1091.81,21,0.0
CUST01546,Loyal Customers,10,6,2958.95,26,2.0
CUST01547,At Risk,160,9,7802.05,28,3.0
CUST01548,Champions,40,7,3574.6,8,1.0
CUST01549,At Risk,228,3,3126.75,88,1.0
CUST01550,At Risk,170,4,1841.6,37,0.0
CUST01551,Dormant,45,2,1853.7799999999997,77,0.0
CUST01552,At Risk,169,5,2594.91,15,0.0
CUST01553,Dormant,214,1,381.8,23,0.0
CUST01554,Champions,13,5,4601.29,38,1.0
CUST01555,Loyal Customers,16,4,2401.76,32,1.0
CUST01556,Champions,38,5,3783.21,5,0.0
CUST01557,Loyal Customers,49,4,1918.1799999999998,47,0.0
CUST01558,At Risk,271,3,2406.87,7,1.0
CUST01559,At Risk,154,8,5817.8,29,3.0
CUST01560,Champions,22,5,3607.51,73,1.0
CUST01561,Dormant,214,1,567.89,24,0.0
CUST01562,Loyal Customers,50,4,2620.94,79,1.0
CUST01563,Dormant,81,2,1279.74,0,1.0
CUST01564,Dormant,297,2,1155.5900000000001,5,0.0
CUST01565,Loyal Customers,26,4,3451.03,21,0.0
CUST01566,Dormant,46,2,2075.66,0,0.0
CUST01567,Dormant,406,2,1423.0500000000002,21,0.0
CUST01568,Dormant,239,2,1002.8800000000001,12,1.0
CUST01569,Champions,17,6,4032.73,133,0.0
CUST01570,Dormant,205,2,551.3299999999999,8,0.0
CUST01571,At Risk,314,5,4663.12,4,2.0
CUST01572,Dormant,288,1,1048.29,7,1.0
CUST01573,Champions,14,8,6524.17,48,2.0
CUST01574,At Risk,222,3,2673.15,11,0.0
CUST01575,At Risk,226,3,4439.9800000000005,4,2.0
CUST01576,Dormant,143,2,2235.15,65,1.0
CUST01577,Dormant,168,1,343.71,15,1.0
CUST01578,Potential Loyalists,10,2,2673.95,23,0.0
CUST01579,Loyal Customers,106,8,6050.82,49,1.0
CUST01580,Loyal Customers,57,3,1994.2,55,0.0
CUST01581,Champions,6,14,10443.380000000001,40,5.0
CUST01582,Champions,3,8,4731.45,34,2.0
CUST01583,At Risk,322,3,1979.92,14,0.0
CUST01584,Champions,33,6,10939.56,43,0.0
CUST01585,Dormant,84,1,327.29,19,0.0
CUST01586,Potential Loyalists,38,2,2246.2200000000003,30,1.0
CUST01587,At Risk,190,5,3345.9300000000003,46,2.0
CUST01588,At Risk,206,4,3378.07,9,1.0
CUST01589,Dormant,208,2,883.23,4,0.0
CUST01590,Dormant,190,2,1250.94,43,0.0
CUST01591,At Risk,197,3,2829.57,22,2.0
CUST01592,Potential Loyalists,19,2,909.89,57,0.0
CUST01593,Dormant,91,1,675.24,87,0.0
CUST01594,Champions,13,6,3131.56,10,1.0
CUST01595,Loyal Customers,33,4,1975.6599999999999,41,0.0
CUST01596,Champions,21,7,5339.889999999999,47,1.0
CUST01597,Loyal Customers,51,7,3606.2200000000003,24,2.0
CUST01598,Loyal Customers,17,4,1821.96,27,0.0
CUST01599,At Risk,143,3,1748.0800000000002,13,0.0
CUST01600,Dormant,61,1,657.78,14,0.0
CUST01601,Loyal Customers,51,7,6554.65,41,2.0
CUST01602,Champions,12,5,3517.8100000000004,38,1.0
CUST01603,At Risk,227,4,2882.1099999999997,0,1.0
CUST01604,Loyal Customers,39,7,2918.56,70,2.0
CUST01605,Dormant,54,2,1483.0,23,0.0
CUST01606,Dormant,241,1,282.09,7,1.0
CUST01607,Dormant,216,1,1515.3,33,0.0
CUST01608,Loyal Customers,5,4,2151.46,5,0.0
CUST01609,At Risk,130,3,1380.23,26,2.0
CUST01610,Champions,8,6,4365.28,29,2.0
CUST01611,Champions,33,7,3432.4,4,2.0
CUST01612,Dormant,344,1,725.09,7,0.0
CUST01613,Dormant,316,2,1983.37,0,0.0
CUST01614,Champions,17,12,7790.98,24,3.0
CUST01615,Loyal Customers,41,4,2580.1400000000003,19,1.0
CUST01616,At Risk,221,6,4472.110000000001,27,2.0
CUST01617,At Risk,132,4,3694.23,44,2.0
CUST01618,At Risk,145,6,4011.61,10,0.0
CUST01619,Loyal Customers,24,5,3063.82,55,0.0
CUST01620,Champions,38,7,4320.45,52,0.0
CUST01621,Champions,5,9,5149.33,70,1.0
CUST01622,Loyal Customers,48,8,4147.12,33,2.0
CUST01623,Dormant,420,2,1834.9099999999999,0,0.0
CUST01624,Loyal Customers,53,6,3439.3,62,1.0
CUST01625,Loyal Customers,60,4,2731.9700000000003,39,1.0
CUST01626,Loyal Customers,89,4,2267.6099999999997,26,0.0
CUST01627,At Risk,356,4,2804.23,6,0.0
CUST01628,At Risk,241,3,1760.35,23,1.0
CUST01629,Dormant,142,2,1120.0,5,1.0
CUST01630,Champions,5,10,8489.73,32,1.0
CUST01631,Loyal Customers,53,7,5285.04,86,1.0
CUST01632,Dormant,67,1,1472.62,29,0.0
CUST01633,Loyal Customers,42,5,2081.99,21,1.0
CUST01634,Dormant,101,1,668.05,33,0.0
CUST01635,Loyal Customers,49,6,4313.25,53,2.0
CUST01636,Loyal Customers,3,4,2885.52,47,0.0
CUST01637,Loyal Customers,54,11,7075.92,34,3.0
CUST01638,Champions,1,8,5077.9,36,0.0
CUST01639,Dormant,227,2,2292.2200000000003,15,0.0
CUST01640,Dormant,166,1,464.57,44,0.0
CUST01641,Champions,14,6,4815.66,76,1.0
CUST01642,Champions,35,6,5216.96,23,0.0
CUST01643,At Risk,243,5,3485.7299999999996,34,0.0
CUST01644,At Risk,179,8,5024.66,25,3.0
CUST01645,Champions,10,6,3999.9,53,0.0
CUST01646,Champions,37,9,5389.26,47,0.0
CUST01647,Champions,32,7,6464.3099999999995,45,0.0
CUST01648,Potential Loyalists,16,2,1174.65,14,0.0
CUST01649,Dormant,304,1,376.88,5,0.0
CUST01650,Potential Loyalists,24,2,2187.6,50,0.0
CUST01651,At Risk,148,3,2543.79,0,1.0
CUST01652,Loyal Customers,56,7,4915.62,10,2.0
CUST01653,At Risk,148,3,2168.75,0,1.0
CUST01654,Dormant,54,2,1618.19,8,0.0
CUST01655,Loyal Customers,74,8,7066.74,11,2.0
CUST01656,Champions,9,9,5263.7300000000005,102,1.0
CUST01657,Dormant,389,1,149.0,13,0.0
CUST01658,Champions,6,9,8066.37,17,2.0
CUST01659,Loyal Customers,12,3,1750.44,36,0.0
CUST01660,Loyal Customers,46,9,8594.48,40,1.0
CUST01661,Dormant,215,2,826.76,0,1.0
CUST01662,Loyal Customers,94,3,2215.29,14,0.0
CUST01663,Champions,31,8,6761.96,22,2.0
CUST01664,At Risk,136,3,2080.54,132,1.0
CUST01665,Dormant,136,1,335.28,32,0.0
CUST01666,At Risk,379,5,4392.38,26,1.0
CUST01667,Dormant,197,2,1307.77,62,0.0
CUST01668,At Risk,167,8,5325.84,48,0.0
CUST01669,Dormant,204,2,1801.98,0,0.0
CUST01670,Loyal Customers,46,3,2794.54,81,1.0
CUST01671,Loyal Customers,57,6,5213.54,4,2.0
CUST01672,Loyal Customers,90,5,2937.06,48,0.0
CUST01673,Loyal Customers,13,3,3125.58,21,0.0
CUST01674,Loyal Customers,3,6,3081.0099999999998,35,1.0
CUST01675,Dormant,193,2,1309.95,16,0.0
CUST01676,At Risk,194,3,1460.8000000000002,31,1.0
CUST01677,Champions,24,9,4880.6,14,0.0
CUST01678,Champions,31,7,4519.16,6,0.0
CUST01679,Loyal Customers,90,4,2798.27,42,0.0
CUST01680,Potential Loyalists,33,2,3278.2,50,0.0
CUST01681,Loyal Customers,55,5,3861.42,38,1.0
CUST01682,At Risk,288,5,1999.79,0,1.0
CUST01683,Champions,32,6,7342.29,40,1.0
CUST01684,Champions,23,5,4623.66,19,0.0
CUST01685,At Risk,339,6,3081.38,9,1.0
CUST01686,Dormant,199,1,699.98,0,1.0
CUST01687,At Risk,142,5,2765.61,17,0.0
CUST01688,At Risk,191,4,4056.68,38,1.0
CUST01689,At Risk,123,4,2918.12,43,1.0
CUST01690,At Risk,131,4,3930.82,15,2.0
CUST01691,Dormant,150,1,591.46,34,1.0
CUST01692,At Risk,237,7,4276.32,35,3.0
CUST01693,Potential Loyalists,22,2,994.37,47,0.0
CUST01694,Dormant,99,1,759.46,67,0.0
CUST01695,Loyal Customers,39,5,2439.2,133,1.0
CUST01696,Dormant,188,2,1047.8,5,0.0
CUST01697,Loyal Customers,31,4,3156.29,22,0.0
CUST01698,Loyal Customers,48,10,9449.57,29,4.0
CUST01699,At Risk,303,6,3095.45,9,0.0
CUST01700,Loyal Customers,67,3,2536.5,61,0.0
CUST01701,Dormant,75,1,388.29,20,0.0
CUST01702,At Risk,270,3,2444.42,18,0.0
CUST01703,Loyal Customers,49,3,2492.7200000000003,30,0.0
CUST01704,Potential Loyalists,24,2,1371.96,68,0.0
CUST01705,Loyal Customers,29,4,2470.94,101,1.0
CUST01706,Champions,33,8,5035.05,27,1.0
CUST01707,Loyal Customers,6,3,2140.2200000000003,32,1.0
CUST01708,Loyal Customers,12,4,2083.07,50,0.0
CUST01709,At Risk,218,3,1524.54,4,0.0
CUST01710,Loyal Customers,29,4,2030.26,58,1.0
CUST01711,Champions,22,6,3154.94,13,0.0
CUST01712,Potential Loyalists,20,2,1445.64,56,1.0
CUST01713,Loyal Customers,102,7,5539.05,4,3.0
CUST01714,At Risk,193,8,7387.29,0,1.0
CUST01715,At Risk,182,4,2342.73,20,2.0
CUST01716,Loyal Customers,49,4,3155.1400000000003,5,1.0
CUST01717,Champions,5,6,6178.63,31,0.0
CUST01718,Loyal Customers,59,13,7038.5,17,3.0
CUST01719,At Risk,209,4,2725.06,26,1.0
CUST01720,Loyal Customers,50,4,1688.8,42,1.0
CUST01721,Dormant,99,1,617.29,28,0.0
CUST01722,Dormant,120,1,359.06,7,0.0
CUST01723,Loyal Customers,56,7,8375.310000000001,23,2.0
CUST01724,Dormant,100,2,1680.71,77,0.0
CUST01725,Dormant,105,1,632.03,46,1.0
CUST01726,Potential Loyalists,9,2,2310.06,126,0.0
CUST01727,Loyal Customers,3,6,2844.76,62,0.0
CUST01728,Loyal Customers,18,3,1677.62,36,0.0
CUST01729,Loyal Customers,44,3,2641.76,83,2.0
CUST01730,At Risk,181,7,5329.4400000000005,38,4.0
CUST01731,At Risk,163,4,2888.49,4,0.0
CUST01732,Champions,18,9,9678.22,23,2.0
CUST01733,At Risk,153,4,2532.24,12,3.0
CUST01734,At Risk,221,5,5871.23,15,2.0
CUST01735,Dormant,122,2,1287.08,37,1.0
CUST01736,Champions,25,7,5234.81,41,2.0
CUST01737,Potential Loyalists,1,2,1159.58,67,0.0
CUST01738,Champions,36,6,4789.29,43,0.0
CUST01739,Loyal Customers,51,3,1071.46,23,0.0
CUST01740,Dormant,60,2,1138.43,4,0.0
CUST01741,Champions,39,8,7503.84,12,1.0
CUST01742,At Risk,191,6,3970.62,81,1.0
CUST01743,Loyal Customers,58,4,1735.96,36,1.0
CUST01744,Potential Loyalists,5,2,2040.38,21,0.0
CUST01745,Dormant,265,2,806.46,34,0.0
CUST01746,At Risk,300,4,2960.62,7,1.0
CUST01747,Potential Loyalists,6,2,2103.41,44,0.0
CUST01748,Dormant,97,1,150.03,29,0.0
CUST01749,Dormant,251,2,1709.8200000000002,0,1.0
CUST01750,Dormant,198,1,556.93,19,0.0
CUST01751,Potential Loyalists,28,2,977.3,11,0.0
CUST01752,Dormant,232,1,516.34,10,0.0
CUST01753,Loyal Customers,54,3,2669.68,19,0.0
CUST01754,Loyal Customers,34,3,1185.93,25,0.0
CUST01755,At Risk,213,6,3652.4,19,2.0
CUST01756,Loyal Customers,49,8,7136.14,71,0.0
CUST01757,Dormant,228,2,1856.03,6,0.0
CUST01758,Dormant,139,1,411.88,14,0.0
CUST01759,Dormant,150,2,1973.57,22,0.0
CUST01760,Champions,16,9,7551.53,8,3.0
CUST01761,Champions,15,14,9392.04,12,3.0
CUST01762,Champions,31,9,6813.1,6,2.0
CUST01763,Dormant,69,1,705.53,21,1.0
CUST01764,Loyal Customers,106,3,1471.8400000000001,31,1.0
CUST01765,Dormant,326,2,1739.8,0,0.0
CUST01766,Dormant,224,1,561.64,25,0.0
CUST01767,At Risk,206,3,1605.14,31,3.0
CUST01768,Champions,7,8,6118.25,66,1.0
CUST01769,Champions,22,6,6843.43,56,2.0
CUST01770,At Risk,119,3,1327.79,15,2.0
CUST01771,Champions,21,5,3660.56,65,0.0
CUST01772,Dormant,315,2,1751.38,0,0.0
CUST01773,At Risk,257,5,4845.14,36,1.0
CUST01774,At Risk,213,6,3826.09,0,3.0
CUST01775,Loyal Customers,43,3,2670.2,25,1.0
CUST01776,Dormant,140,2,2686.35,21,0.0
CUST01777,At Risk,228,5,3035.66,38,1.0
CUST01778,Dormant,148,1,512.32,31,0.0
CUST01779,At Risk,228,4,3408.21,18,2.0
CUST01780,Loyal Customers,20,4,3247.38,44,3.0
CUST01781,Dormant,302,1,1360.78,14,1.0
CUST01782,At Risk,198,7,4334.56,7,0.0
CUST01783,Loyal Customers,55,6,4242.639999999999,5,0.0
CUST01784,Loyal Customers,41,4,2861.2200000000003,75,1.0
CUST01785,Potential Loyalists,5,2,1574.6,7,0.0
CUST01786,Loyal Customers,59,7,4294.38,11,3.0
CUST01787,Loyal Customers,31,3,3655.99,27,0.0
CUST01788,Champions,9,7,4885.62,18,2.0
CUST01789,Dormant,113,1,341.52,33,0.0
CUST01790,Loyal Customers,101,3,1750.7,5,0.0
CUST01791,Dormant,143,2,516.61,23,0.0
CUST01792,Dormant,59,2,1461.82,56,0.0
CUST01793,Loyal Customers,109,4,5185.16,16,1.0
CUST01794,Loyal Customers,36,3,2241.93,58,0.0
CUST01795,Dormant,150,1,1266.99,33,1.0
CUST01796,Dormant,94,1,500.81,30,0.0
CUST01797,Dormant,178,1,1593.85,44,1.0
CUST01798,At Risk,164,4,3577.66,37,1.0
CUST01799,Dormant,135,1,659.32,0,1.0
CUST01800,Dormant,183,1,507.22,24,0.0
CUST01801,Dormant,85,1,371.61,70,1.0
CUST01802,At Risk,200,3,1461.8,14,1.0
CUST01803,Loyal Customers,13,4,2673.93,6,2.0
CUST01804,At Risk,238,3,1552.45,27,0.0
CUST01805,Dormant,98,1,433.16,0,0.0
CUST01806,Loyal Customers,26,3,1433.8600000000001,35,0.0
CUST01807,Loyal Customers,29,4,3703.79,17,1.0
CUST01808,Champions,3,8,6870.57,28,1.0
CUST01809,Champions,7,8,7857.91,7,1.0
CUST01810,Loyal Customers,41,4,1668.1399999999999,34,0.0
CUST01811,Champions,17,6,4863.08,37,3.0
CUST01812,Champions,32,6,3399.87,101,0.0
CUST01813,Loyal Customers,56,6,4038.11,36,1.0
CUST01814,Loyal Customers,2,3,1606.9,31,1.0
CUST01815,Potential Loyalists,9,2,2514.74,25,0.0
CUST01816,Dormant,250,1,507.79,8,0.0
CUST01817,At Risk,208,7,5667.97,34,1.0
CUST01818,At Risk,229,5,3080.04,6,1.0
CUST01819,Dormant,143,2,1750.5700000000002,14,2.0
CUST01820,Champions,18,13,9193.23,44,4.0
CUST01821,Loyal Customers,102,5,3708.96,13,0.0
CUST01822,Loyal Customers,52,5,4482.68,5,1.0
CUST01823,Champions,7,5,4992.96,29,0.0
CUST01824,At Risk,262,5,5499.38,20,2.0
CUST01825,Potential Loyalists,5,2,1127.7199999999998,61,1.0
CUST01826,At Risk,118,5,3208.37,0,0.0
CUST01827,Loyal Customers,21,4,1887.82,34,0.0
CUST01828,At Risk,183,3,1876.83,26,0.0
CUST01829,At Risk,162,7,4605.35,19,1.0
CUST01830,Loyal Customers,88,4,2433.02,10,1.0
CUST01831,Loyal Customers,6,3,2174.13,64,1.0
CUST01832,At Risk,156,5,5038.610000000001,19,1.0
CUST01833,Champions,12,8,5277.49,5,0.0
CUST01834,Loyal Customers,6,3,2057.24,34,0.0
CUST01835,Dormant,193,1,710.25,107,0.0
CUST01836,At Risk,186,6,3567.04,83,1.0
CUST01837,Dormant,137,1,441.28,27,0.0
CUST01838,Dormant,125,2,775.96,32,0.0
CUST01839,Loyal Customers,7,5,2904.01,99,0.0
CUST01840,Loyal Customers,9,4,2778.5,24,0.0
CUST01841,Champions,10,7,5325.389999999999,110,1.0
CUST01842,Dormant,222,1,1332.91,0,0.0
CUST01843,Loyal Customers,41,3,3230.01,49,0.0
CUST01844,Champions,21,8,5250.11,58,1.0
CUST01845,Dormant,225,1,545.67,21,0.0
CUST01846,At Risk,137,7,4758.75,26,4.0
CUST01847,Dormant,50,2,1729.73,12,0.0
CUST01848,Loyal Customers,51,6,5463.58,48,1.0
CUST01849,Potential Loyalists,37,2,755.23,15,0.0
CUST01850,Loyal Customers,49,4,2045.6,19,0.0
CUST01851,Dormant,416,1,289.22,11,0.0
CUST01852,Dormant,109,1,572.93,11,1.0
CUST01853,At Risk,214,6,3611.41,0,3.0
CUST01854,Dormant,211,2,1301.87,32,0.0
CUST01855,Champions,36,5,4629.85,49,3.0
CUST01856,At Risk,272,3,1379.79,0,3.0
CUST01857,At Risk,135,9,5573.32,5,5.0
CUST01858,Loyal Customers,27,3,1371.99,55,1.0
CUST01859,Loyal Customers,43,5,3473.82,84,0.0
CUST01860,Loyal Customers,38,3,1262.77,53,2.0
CUST01861,Loyal Customers,23,4,3165.46,16,0.0
CUST01862,Loyal Customers,17,4,4513.64,29,0.0
CUST01863,Dormant,249,1,530.13,29,0.0
CUST01864,Loyal Customers,10,3,1705.88,18,0.0
CUST01865,At Risk,121,3,1867.7600000000002,28,2.0
CUST01866,Dormant,131,1,510.52,114,1.0
CUST01867,Dormant,47,2,993.32,16,0.0
CUST01868,At Risk,141,3,26057.29,24,0.0
CUST01869,Loyal Customers,44,9,5857.74,59,1.0
CUST01870,Champions,12,5,4533.36,53,2.0
CUST01871,Dormant,161,1,1448.69,6,1.0
CUST01872,Champions,37,8,5314.91,22,2.0
CUST01873,Champions,18,7,3448.67,21,0.0
CUST01874,Dormant,49,2,1371.8600000000001,6,0.0
CUST01875,At Risk,135,7,3162.7799999999997,0,2.0
CUST01876,At Risk,204,5,4129.84,5,0.0
CUST01877,Champions,29,5,4183.82,5,2.0
CUST01878,Dormant,83,1,314.15,18,0.0
CUST01879,Dormant,85,1,709.74,23,1.0
CUST01880,At Risk,292,4,1569.8400000000001,12,1.0
CUST01881,Loyal Customers,49,6,3481.1,0,4.0
CUST01882,Dormant,280,2,965.8,0,0.0
CUST01883,Champions,8,6,3559.8500000000004,14,1.0
CUST01884,At Risk,295,3,2372.63,10,1.0
CUST01885,Loyal Customers,54,6,3648.76,51,1.0
CUST01886,Dormant,139,2,948.26,30,0.0
CUST01887,At Risk,187,6,3354.62,4,1.0
CUST01888,Champions,37,7,3619.24,17,1.0
CUST01889,Loyal Customers,27,3,2445.84,26,0.0
CUST01890,Dormant,287,1,416.76,5,0.0
CUST01891,Dormant,278,2,3614.49,0,2.0
CUST01892,Potential Loyalists,10,2,923.6999999999999,20,0.0
CUST01893,Champions,3,5,3337.38,13,2.0
CUST01894,At Risk,256,4,3166.55,8,0.0
CUST01895,Dormant,390,1,1344.42,41,0.0
CUST01896,Potential Loyalists,12,2,849.76,72,0.0
CUST01897,Champions,41,7,5033.2699999999995,44,1.0
CUST01898,Dormant,279,1,829.18,4,0.0
CUST01899,Dormant,114,2,1576.16,8,1.0
CUST01900,Champions,25,10,6738.13,46,1.0
CUST01901,At Risk,224,3,2344.37,43,0.0
CUST01902,Loyal Customers,26,3,1130.94,5,0.0
CUST01903,Champions,29,9,5606.46,40,4.0
CUST01904,Loyal Customers,35,4,3741.26,30,3.0
CUST01905,Loyal Customers,51,4,2668.83,41,1.0
CUST01906,Potential Loyalists,25,2,975.0,21,0.0
CUST01907,Champions,5,6,3723.8199999999997,12,0.0
CUST01908,At Risk,277,3,1025.52,5,0.0
CUST01909,Potential Loyalists,4,2,1299.92,74,0.0
CUST01910,At Risk,191,5,2642.55,8,0.0
CUST01911,Champions,7,10,6891.04,17,2.0
CUST01912,Loyal Customers,11,5,2488.9700000000003,88,1.0
CUST01913,Dormant,139,1,422.52,14,0.0
CUST01914,Loyal Customers,50,7,6013.65,35,2.0
CUST01915,At Risk,334,4,3357.25,4,0.0
CUST01916,Loyal Customers,25,3,1477.4,18,0.0
CUST01917,Dormant,257,2,1593.3,14,0.0
CUST01918,At Risk,231,4,3621.08,6,0.0
CUST01919,Potential Loyalists,28,2,1871.4899999999998,54,0.0
CUST01920,At Risk,276,4,2814.54,4,1.0
CUST01921,At Risk,136,4,2532.17,61,1.0
CUST01922,Loyal Customers,45,4,3374.0299999999997,67,0.0
CUST01923,At Risk,207,3,1359.38,54,0.0
CUST01924,Potential Loyalists,24,2,703.29,76,0.0
CUST01925,Loyal Customers,13,3,1610.02,63,0.0
CUST01926,Dormant,191,1,449.37,35,0.0
CUST01927,At Risk,224,3,3362.8999999999996,6,0.0
CUST01928,Loyal Customers,13,5,2986.37,58,1.0
CUST01929,Dormant,224,2,735.4100000000001,32,0.0
CUST01930,Loyal Customers,31,3,1579.7,8,0.0
CUST01931,Loyal Customers,31,4,2261.88,49,0.0
CUST01932,Potential Loyalists,42,2,2839.42,72,0.0
CUST01933,Loyal Customers,100,6,3230.78,26,0.0
CUST01934,Potential Loyalists,39,2,1101.81,43,0.0
CUST01935,Dormant,113,1,308.98,38,0.0
CUST01936,Dormant,60,2,1160.81,51,0.0
CUST01937,Dormant,181,1,383.33,13,0.0
CUST01938,Champions,21,6,3592.5299999999997,28,2.0
CUST01939,Champions,7,5,3464.73,65,1.0
CUST01940,Champions,3,9,7225.11,76,1.0
CUST01941,Champions,39,10,6200.41,56,2.0
CUST01942,Dormant,310,1,523.56,24,0.0
CUST01943,Loyal Customers,54,5,5229.27,48,1.0
CUST01944,Champions,22,8,6521.58,33,2.0
CUST01945,Dormant,179,1,554.68,0,0.0
CUST01946,Loyal Customers,60,4,1904.3400000000001,29,2.0
CUST01947,At Risk,184,7,4832.0599999999995,33,0.0
CUST01948,Dormant,231,2,1170.93,14,1.0
CUST01949,At Risk,197,8,9603.31,56,1.0
CUST01950,At Risk,197,3,1395.9099999999999,13,0.0
CUST01951,At Risk,186,4,2559.6099999999997,14,1.0
CUST01952,Dormant,374,2,922.6,16,0.0
CUST01953,Dormant,237,1,886.28,0,0.0
CUST01954,Loyal Customers,54,11,8402.98,12,3.0
CUST01955,Champions,9,10,4916.2699999999995,54,2.0
CUST01956,Dormant,139,1,301.98,21,0.0
CUST01957,At Risk,271,3,2989.2,15,1.0
CUST01958,At Risk,174,7,3390.38,35,4.0
CUST01959,Loyal Customers,21,3,2332.59,26,0.0
CUST01960,Loyal Customers,12,3,2058.57,25,0.0
CUST01961,At Risk,140,4,3056.04,7,2.0
CUST01962,At Risk,203,8,5467.6900000000005,11,2.0
CUST01963,Dormant,174,1,827.54,24,0.0
CUST01964,Potential Loyalists,13,2,1288.24,23,0.0
CUST01965,Dormant,257,2,1060.55,17,1.0
CUST01966,At Risk,110,6,5099.78,39,1.0
CUST01967,Loyal Customers,89,4,1574.64,58,2.0
CUST01968,Dormant,120,1,1323.58,15,1.0
CUST01969,Loyal Customers,25,3,2165.71,19,1.0
CUST01970,Loyal Customers,49,4,2507.45,83,0.0
CUST01971,Loyal Customers,23,3,2955.46,47,1.0
CUST01972,Champions,20,12,7166.04,98,2.0
CUST01973,Loyal Customers,14,4,3552.32,135,0.0
CUST01974,Champions,10,8,4336.05,55,2.0
CUST01975,Champions,39,6,3940.8999999999996,42,1.0
CUST01976,Champions,37,7,6343.9,79,3.0
CUST01977,Loyal Customers,37,4,3378.67,51,1.0
CUST01978,At Risk,217,7,6034.36,11,2.0
CUST01979,Potential Loyalists,21,2,1075.89,92,0.0
CUST01980,Champions,22,10,8871.41,45,1.0
CUST01981,Champions,20,6,6131.18,98,1.0
CUST01982,Champions,22,9,4892.66,25,2.0
CUST01983,Loyal Customers,6,5,1927.91,75,0.0
CUST01984,Loyal Customers,48,9,5138.389999999999,60,2.0
CUST01985,Potential Loyalists,32,2,2382.24,70,0.0
CUST01986,Champions,41,6,6117.86,121,3.0
CUST01987,Dormant,188,1,299.78,16,0.0
CUST01988,Loyal Customers,3,4,14032.75,8,0.0
CUST01989,At Risk,131,3,1255.63,0,0.0
CUST01990,At Risk,120,4,3877.7699999999995,46,0.0
CUST01991,At Risk,126,7,5405.02,42,2.0
CUST01992,Loyal Customers,8,4,3269.68,49,0.0
CUST01993,Champions,3,7,3740.82,0,2.0
CUST01994,Champions,27,7,5006.93,0,0.0
CUST01995,At Risk,205,5,2602.16,11,1.0
CUST01996,Loyal Customers,14,4,3858.54,8,0.0
CUST01997,Loyal Customers,51,5,3804.33,59,0.0
CUST01998,Champions,12,9,9097.95,67,2.0
CUST01999,Dormant,131,2,762.25,15,0.0
CUST02000,At Risk,157,10,4734.83,76,2.0
CUST02001,Loyal Customers,49,4,4215.38,75,0.0
CUST02002,Champions,18,7,6389.57,34,1.0
CUST02003,Dormant,230,2,1381.48,12,0.0
CUST02004,Potential Loyalists,37,2,1801.8700000000001,36,0.0
CUST02005,Champions,3,6,3793.33,39,1.0
CUST02006,Potential Loyalists,3,2,2717.7400000000002,11,0.0
CUST02007,At Risk,213,6,5058.75,22,1.0
CUST02008,At Risk,289,4,4601.66,15,2.0
CUST02009,Champions,13,6,4868.95,6,1.0
CUST02010,Champions,25,5,6149.849999999999,29,0.0
CUST02011,At Risk,191,4,4620.1,14,0.0
CUST02012,Potential Loyalists,19,2,753.46,35,1.0
CUST02013,Dormant,52,2,1418.68,44,0.0
CUST02014,Loyal Customers,1,4,1934.85,0,0.0
CUST02015,At Risk,273,4,5003.34,18,0.0
CUST02016,Potential Loyalists,32,2,882.6200000000001,90,0.0
CUST02017,Dormant,138,2,1871.94,53,0.0
CUST02018,Dormant,107,1,873.21,91,1.0
CUST02019,Champions,26,10,5948.59,48,2.0
CUST02020,Loyal Customers,91,3,2876.52,46,0.0
CUST02021,Loyal Customers,60,5,4697.28,50,1.0
CUST02022,Loyal Customers,31,4,1860.8,5,1.0
CUST02023,Dormant,105,1,888.97,43,0.0
CUST02024,Champions,21,11,6485.26,98,0.0
CUST02025,Loyal Customers,52,6,5175.9,19,0.0
CUST02026,Champions,37,6,5043.0,7,0.0
CUST02027,Loyal Customers,56,4,3475.88,50,0.0
CUST02028,Dormant,188,2,1517.08,12,0.0
CUST02029,Loyal Customers,23,5,2791.39,0,1.0
CUST02030,Champions,16,7,4841.91,122,0.0
CUST02031,Dormant,228,2,734.56,11,0.0
CUST02032,Dormant,403,2,1046.18,14,0.0
CUST02033,Loyal Customers,59,5,3320.35,45,0.0
CUST02034,Dormant,46,2,897.86,38,0.0
CUST02035,At Risk,154,3,2201.39,0,1.0
CUST02036,Champions,22,9,5895.1,36,0.0
CUST02037,Dormant,62,2,1131.94,15,2.0
CUST02038,At Risk,323,3,1941.74,13,1.0
CUST02039,At Risk,221,3,1806.76,0,1.0
CUST02040,Potential Loyalists,21,2,1156.0,61,0.0
CUST02041,Champions,9,7,8711.11,48,2.0
CUST02042,Loyal Customers,47,5,2765.54,36,1.0
CUST02043,Loyal Customers,35,3,2232.97,26,0.0
CUST02044,Loyal Customers,52,8,6994.62,77,1.0
CUST02045,Dormant,153,1,626.4,23,0.0
CUST02046,At Risk,343,6,4967.95,33,2.0
CUST02047,Champions,39,9,9285.85,6,0.0
CUST02048,Dormant,248,1,683.23,0,0.0
CUST02049,Loyal Customers,60,7,4082.93,30,1.0
CUST02050,Loyal Customers,7,4,2054.58,21,1.0
CUST02051,At Risk,146,3,2953.97,0,1.0
CUST02052,Loyal Customers,46,5,6095.51,13,0.0
CUST02053,Champions,30,5,4282.21,0,0.0
CUST02054,Champions,7,9,8418.66,35,1.0
CUST02055,Champions,40,7,3803.29,7,0.0
CUST02056,Dormant,256,2,1281.97,9,0.0
CUST02057,Loyal Customers,17,3,3230.33,46,0.0
CUST02058,Potential Loyalists,9,2,1439.28,0,0.0
CUST02059,Loyal Customers,50,4,3349.0699999999997,10,1.0
CUST02060,Dormant,84,2,1331.01,20,2.0
CUST02061,Champions,8,6,3818.2200000000003,45,2.0
CUST02062,At Risk,222,4,3844.48,0,0.0
CUST02063,Loyal Customers,27,5,2514.81,43,1.0
CUST02064,At Risk,130,3,2866.45,8,1.0
CUST02065,At Risk,233,5,3492.37,5,1.0
CUST02066,Potential Loyalists,1,2,1165.54,50,1.0
CUST02067,Loyal Customers,48,8,9090.87,32,3.0
CUST02068,Loyal Customers,13,3,2109.12,50,0.0
CUST02069,Dormant,376,1,791.45,11,0.0
CUST02070,Dormant,141,1,557.51,76,1.0
CUST02071,Loyal Customers,47,4,2603.33,54,0.0
CUST02072,Loyal Customers,96,11,7176.07,21,1.0
CUST02073,Dormant,95,1,462.53,0,0.0
CUST02074,Loyal Customers,4,3,2958.6099999999997,50,0.0
CUST02075,At Risk,332,5,2192.94,0,1.0
CUST02076,At Risk,274,4,3480.34,5,0.0
CUST02077,At Risk,139,5,2528.43,20,0.0
CUST02078,Champions,9,10,5212.43,16,3.0
CUST02079,Champions,42,8,4833.47,6,3.0
CUST02080,At Risk,239,3,2768.41,7,1.0
CUST02081,At Risk,227,9,5848.4400000000005,14,2.0
CUST02082,Dormant,185,2,1444.5700000000002,4,0.0
CUST02083,Loyal Customers,20,4,2720.84,30,0.0
CUST02084,Dormant,226,1,481.85,8,0.0
CUST02085,Dormant,64,1,682.7,5,0.0
CUST02086,Loyal Customers,54,3,2881.01,50,0.0
CUST02087,Loyal Customers,8,3,2067.91,13,0.0
CUST02088,Loyal Customers,102,3,1761.31,4,1.0
CUST02089,Potential Loyalists,34,2,1281.3400000000001,5,0.0
CUST02090,Dormant,141,2,852.76,4,1.0
CUST02091,Dormant,51,2,1230.8,56,0.0
CUST02092,At Risk,235,3,2595.52,11,1.0
CUST02093,Loyal Customers,8,3,1638.06,58,0.0
CUST02094,Dormant,157,2,1171.49,5,0.0
CUST02095,Loyal Customers,16,3,2140.15,0,1.0
CUST02096,Loyal Customers,66,3,2926.04,55,0.0
CUST02097,Loyal Customers,30,5,2858.66,30,1.0
CUST02098,Dormant,284,1,558.72,41,0.0
CUST02099,At Risk,168,3,2275.89,9,0.0
CUST02100,Loyal Customers,51,9,4873.24,87,2.0
CUST02101,Loyal Customers,79,7,4502.69,24,2.0
CUST02102,Champions,18,7,4096.23,125,0.0
CUST02103,Dormant,105,2,1052.31,0,1.0
CUST02104,Loyal Customers,16,3,2519.2,33,0.0
CUST02105,Champions,7,6,3931.45,6,2.0
CUST02106,Champions,32,9,22131.36,37,3.0
CUST02107,At Risk,151,5,3080.15,55,0.0
CUST02108,Loyal Customers,54,4,2559.18,47,2.0
CUST02109,Champions,7,6,4224.2300000000005,36,1.0
CUST02110,Loyal Customers,11,3,3091.2000000000003,6,0.0
CUST02111,Dormant,245,1,1404.22,0,0.0
CUST02112,At Risk,396,3,1402.8600000000001,0,0.0
CUST02113,Dormant,255,2,2358.37,6,0.0
CUST02114,Dormant,172,2,587.4200000000001,60,1.0
CUST02115,Champions,2,4,3950.54,0,0.0
CUST02116,Dormant,212,2,1180.1399999999999,6,1.0
CUST02117,Champions,14,4,4133.6,40,0.0
CUST02118,At Risk,154,7,5739.9800000000005,31,0.0
CUST02119,Champions,32,4,3250.83,61,2.0
CUST02120,Champions,31,10,6730.96,6,1.0
CUST02121,Loyal Customers,16,3,1252.6599999999999,24,0.0
CUST02122,Potential Loyalists,28,2,2531.96,0,0.0
CUST02123,Potential Loyalists,42,2,955.03,0,0.0
CUST02124,Loyal Customers,12,4,1738.73,59,0.0
CUST02125,Dormant,201,1,321.85,62,1.0
CUST02126,Dormant,267,1,698.21,5,0.0
CUST02127,Dormant,271,1,1050.81,14,0.0
CUST02128,Dormant,102,1,1406.44,73,0.0
CUST02129,Dormant,151,1,787.79,9,0.0
CUST02130,At Risk,145,3,1356.56,27,2.0
CUST02131,Loyal Customers,44,5,3079.83,12,1.0
CUST02132,Potential Loyalists,10,2,962.1800000000001,6,0.0
CUST02133,Champions,4,5,5915.030000000001,70,1.0
CUST02134,Loyal Customers,9,4,2837.51,5,1.0
CUST02135,Dormant,127,1,1006.67,12,1.0
CUST02136,At Risk,145,4,3776.61,17,1.0
CUST02137,Champions,18,5,4228.32,20,2.0
CUST02138,Dormant,255,1,472.88,8,1.0
CUST02139,Potential Loyalists,23,2,1049.8,21,0.0
CUST02140,Champions,6,8,5198.19,60,1.0
CUST02141,Dormant,138,2,2337.84,77,0.0
CUST02142,Dormant,140,1,1330.95,5,0.0
CUST02143,Potential Loyalists,11,2,1933.62,53,0.0
CUST02144,Loyal Customers,15,3,1995.9199999999998,0,0.0
CUST02145,At Risk,172,7,4813.139999999999,11,0.0
CUST02146,Dormant,179,1,917.63,0,0.0
CUST02147,Dormant,185,2,997.9000000000001,4,0.0
CUST02148,Dormant,59,2,1189.42,8,0.0
CUST02149,Dormant,125,2,3065.5299999999997,33,0.0
CUST02150,At Risk,306,4,2166.25,14,0.0
CUST02151,Champions,23,4,3574.58,61,1.0
CUST02152,At Risk,170,4,2366.99,21,1.0
CUST02153,At Risk,139,6,6234.7,14,2.0
CUST02154,Loyal Customers,50,17,12407.640000000001,45,3.0
CUST02155,Dormant,258,1,846.73,39,0.0
CUST02156,Dormant,275,1,1705.47,0,0.0
CUST02157,Dormant,109,1,736.31,33,0.0
CUST02158,At Risk,162,8,4793.27,13,1.0
CUST02159,Loyal Customers,37,4,2057.31,111,0.0
CUST02160,Loyal Customers,26,5,3006.65,13,2.0
CUST02161,At Risk,214,3,2402.2799999999997,4,1.0
CUST02162,Champions,40,8,5688.39,74,0.0
CUST02163,At Risk,184,3,2010.3600000000001,7,1.0
CUST02164,Loyal Customers,21,3,1700.42,9,1.0
CUST02165,Loyal Customers,2,3,975.63,13,0.0
CUST02166,Dormant,59,2,1722.44,5,1.0
CUST02167,Loyal Customers,104,5,3963.67,40,0.0
CUST02168,At Risk,226,3,2219.25,43,1.0
CUST02169,Loyal Customers,45,5,3983.27,64,2.0
CUST02170,At Risk,199,6,3749.08,21,3.0
CUST02171,Champions,23,4,4255.29,5,0.0
CUST02172,Champions,8,8,6256.6900000000005,28,3.0
CUST02173,Loyal Customers,35,3,3190.33,48,1.0
CUST02174,Champions,2,10,5994.51,48,2.0
CUST02175,Loyal Customers,43,7,4997.8,25,0.0
CUST02176,Dormant,175,1,971.25,52,0.0
CUST02177,Dormant,258,1,898.53,7,0.0
CUST02178,Champions,17,6,4153.84,60,1.0
CUST02179,Loyal Customers,2,3,1770.31,61,1.0
CUST02180,At Risk,183,3,2631.13,40,1.0
CUST02181,Potential Loyalists,5,2,2054.92,27,0.0
CUST02182,Loyal Customers,2,4,2717.77,32,1.0
CUST02183,Dormant,112,2,2206.5,10,0.0
CUST02184,Dormant,171,2,1434.1,14,1.0
CUST02185,At Risk,271,6,2701.7200000000003,6,1.0
CUST02186,At Risk,183,5,3170.84,24,0.0
CUST02187,Dormant,278,1,1006.5,5,0.0
CUST02188,Dormant,186,2,640.48,7,0.0
CUST02189,Champions,40,5,3156.09,24,1.0
CUST02190,Loyal Customers,46,6,2916.31,10,1.0
CUST02191,At Risk,219,4,2674.4,29,0.0
CUST02192,Potential Loyalists,14,2,2640.42,59,0.0
CUST02193,Potential Loyalists,24,2,1008.03,62,0.0
CUST02194,Champions,34,6,8262.71,49,0.0
CUST02195,At Risk,180,8,4744.28,19,1.0
CUST02196,Dormant,236,1,605.92,0,0.0
CUST02197,Dormant,82,1,362.15,47,0.0
CUST02198,At Risk,157,3,3118.08,19,0.0
CUST02199,At Risk,157,4,2638.62,17,2.0
CUST02200,Loyal Customers,27,4,2568.2200000000003,26,0.0
CUST02201,At Risk,190,5,4412.26,14,0.0
CUST02202,Loyal Customers,50,7,3712.65,13,0.0
CUST02203,Loyal Customers,18,4,2130.37,18,0.0
CUST02204,Dormant,236,1,456.72,7,0.0
CUST02205,Loyal Customers,18,3,3059.72,21,0.0
CUST02206,Dormant,339,2,1232.78,0,1.0
CUST02207,Champions,33,11,7842.84,11,3.0
CUST02208,At Risk,184,6,5051.27,0,1.0
CUST02209,Loyal Customers,23,5,2357.51,56,0.0
CUST02210,Dormant,215,2,1718.96,4,0.0
CUST02211,Champions,36,6,4246.04,34,1.0
CUST02212,Dormant,113,1,619.75,12,0.0
CUST02213,Loyal Customers,104,3,1948.1499999999999,15,2.0
CUST02214,At Risk,274,6,5751.179999999999,18,3.0
CUST02215,Dormant,54,2,1522.96,57,1.0
CUST02216,At Risk,151,3,2218.09,28,2.0
CUST02217,Loyal Customers,17,4,3110.29,75,0.0
CUST02218,Champions,34,6,4259.38,11,1.0
CUST02219,Dormant,100,1,484.4,25,0.0
CUST02220,Dormant,53,2,765.9,38,0.0
CUST02221,Dormant,95,1,682.97,7,0.0
CUST02222,Dormant,153,1,836.55,32,1.0
CUST02223,Loyal Customers,46,3,1690.5500000000002,115,0.0
CUST02224,At Risk,258,3,1603.7,0,1.0
CUST02225,Loyal Customers,21,7,2816.32,18,2.0
CUST02226,Champions,30,12,9508.01,27,3.0
CUST02227,Loyal Customers,89,4,2320.84,25,1.0
CUST02228,At Risk,148,3,2870.67,21,2.0
CUST02229,Champions,29,7,5992.74,55,1.0
CUST02230,Dormant,85,1,388.37,4,0.0
CUST02231,Loyal Customers,17,5,2862.12,43,0.0
CUST02232,Loyal Customers,17,3,1414.77,29,0.0
CUST02233,Dormant,45,2,1686.71,24,0.0
CUST02234,Dormant,230,1,880.11,35,1.0
CUST02235,Dormant,113,1,221.66,5,0.0
CUST02236,Dormant,206,2,1413.8899999999999,6,0.0
CUST02237,Champions,35,7,5050.48,51,1.0
CUST02238,At Risk,118,10,6304.62,9,3.0
CUST02239,Dormant,106,1,576.85,20,0.0
CUST02240,Potential Loyalists,12,2,2911.94,36,0.0
CUST02241,At Risk,175,4,3532.06,0,0.0
CUST02242,At Risk,191,3,2407.42,6,1.0
CUST02243,At Risk,194,4,2923.57,44,1.0
CUST02244,Loyal Customers,38,5,2694.23,29,0.0
CUST02245,At Risk,144,8,4970.59,31,2.0
CUST02246,At Risk,214,3,2005.87,30,1.0
CUST02247,Loyal Customers,13,3,1825.17,0,0.0
CUST02248,Dormant,154,1,1245.24,8,0.0
CUST02249,At Risk,136,3,1584.17,70,1.0
CUST02250,Champions,12,9,4855.7300000000005,67,3.0
CUST02251,Dormant,243,2,1716.8,35,0.0
CUST02252,At Risk,123,4,2123.62,5,2.0
CUST02253,Loyal Customers,54,9,7748.2699999999995,56,2.0
CUST02254,Dormant,152,1,321.87,23,1.0
CUST02255,Potential Loyalists,11,2,996.15,52,0.0
CUST02256,Loyal Customers,33,5,2662.73,73,1.0
CUST02257,At Risk,121,5,4038.65,15,3.0
CUST02258,At Risk,259,4,2233.67,46,1.0
CUST02259,Loyal Customers,1,3,1265.3000000000002,108,0.0
CUST02260,At Risk,130,3,3309.0299999999997,29,1.0
CUST02261,At Risk,116,4,3277.19,21,2.0
CUST02262,At Risk,158,3,2320.9,0,1.0
CUST02263,Loyal Customers,13,4,2761.95,52,0.0
CUST02264,Champions,21,4,3526.1000000000004,17,1.0
CUST02265,Dormant,92,1,280.88,17,0.0
CUST02266,Potential Loyalists,10,2,1305.8899999999999,9,0.0
CUST02267,Loyal Customers,48,3,3107.01,23,2.0
CUST02268,Dormant,228,2,1421.47,10,0.0
CUST02269,Champions,9,5,4266.35,42,1.0
CUST02270,Champions,2,8,5044.09,69,1.0
CUST02271,Loyal Customers,57,3,2429.4,23,1.0
CUST02272,Champions,4,12,9505.01,55,4.0
CUST02273,Dormant,224,2,1263.48,52,0.0
CUST02274,Dormant,131,2,897.32,42,1.0
CUST02275,Champions,10,5,3201.3900000000003,26,0.0
CUST02276,Loyal Customers,21,3,3155.9300000000003,5,2.0
CUST02277,Dormant,279,2,3384.3,23,0.0
CUST02278,Dormant,177,2,937.17,0,1.0
CUST02279,Champions,8,5,3690.87,0,0.0
CUST02280,Dormant,206,1,1244.85,45,0.0
CUST02281,Dormant,181,2,1698.6799999999998,55,0.0
CUST02282,Dormant,68,1,300.59,7,1.0
CUST02283,At Risk,193,4,1771.46,6,0.0
CUST02284,Loyal Customers,96,5,3144.28,48,1.0
CUST02285,Loyal Customers,7,3,2705.1,0,1.0
CUST02286,Dormant,303,2,2310.76,14,0.0
CUST02287,Champions,8,10,8976.35,0,1.0
CUST02288,Champions,34,6,5180.64,5,1.0
CUST02289,Champions,29,5,4732.09,36,1.0
CUST02290,Loyal Customers,54,6,6065.68,27,2.0
CUST02291,At Risk,275,6,3936.09,17,0.0
CUST02292,Loyal Customers,65,4,2077.06,8,1.0
CUST02293,At Risk,348,4,4413.400000000001,23,0.0
CUST02294,Loyal Customers,28,4,2304.54,5,1.0
CUST02295,Loyal Customers,27,3,1379.21,12,1.0
CUST02296,Loyal Customers,49,6,2765.41,57,2.0
CUST02297,Dormant,88,1,389.45,22,0.0
CUST02298,At Risk,161,6,4073.9900000000002,82,1.0
CUST02299,Loyal Customers,42,3,2280.2299999999996,40,0.0
CUST02300,Loyal Customers,43,4,3926.96,6,0.0
CUST02301,Loyal Customers,44,4,2621.46,54,0.0
CUST02302,At Risk,140,3,1243.3400000000001,32,1.0
CUST02303,Loyal Customers,8,3,1910.7800000000002,52,1.0
CUST02304,Loyal Customers,97,6,2964.84,30,0.0
CUST02305,Loyal Customers,55,8,5659.8099999999995,45,0.0
CUST02306,Champions,15,5,4951.4,34,1.0
CUST02307,Loyal Customers,25,4,2475.42,27,0.0
CUST02308,At Risk,177,3,2021.26,0,0.0
CUST02309,Dormant,623,1,359.12,6,0.0
CUST02310,Champions,5,6,4707.25,34,2.0
CUST02311,At Risk,261,6,2984.76,16,1.0
CUST02312,At Risk,266,7,4727.71,12,3.0
CUST02313,Dormant,57,2,2018.81,14,0.0
CUST02314,Loyal Customers,42,3,1293.85,81,0.0
CUST02315,Champions,16,9,5693.16,86,3.0
CUST02316,Loyal Customers,11,3,1691.12,41,0.0
CUST02317,Champions,12,9,7346.72,52,2.0
CUST02318,Loyal Customers,31,4,2331.4,15,0.0
CUST02319,Potential Loyalists,8,2,1704.8600000000001,28,0.0
CUST02320,Dormant,158,2,519.24,15,0.0
CUST02321,At Risk,233,6,4633.05,22,1.0
CUST02322,Champions,8,5,3620.01,45,0.0
CUST02323,Dormant,145,2,3391.66,21,1.0
CUST02324,At Risk,239,3,2455.75,13,1.0
CUST02325,Loyal Customers,50,6,2583.58,47,1.0
CUST02326,Potential Loyalists,42,2,1457.13,21,0.0
CUST02327,At Risk,221,3,1354.68,64,1.0
CUST02328,Dormant,47,2,1174.58,4,0.0
CUST02329,Loyal Customers,44,7,5595.5599999999995,41,1.0
CUST02330,Loyal Customers,49,7,6338.45,24,4.0
CUST02331,Champions,14,10,10588.12,30,1.0
CUST02332,Champions,31,5,5182.45,18,1.0
CUST02333,Potential Loyalists,17,2,1836.35,16,0.0
CUST02334,Potential Loyalists,6,2,2073.62,55,0.0
CUST02335,Champions,13,7,5104.16,39,0.0
CUST02336,Loyal Customers,40,4,2489.16,80,0.0
CUST02337,Dormant,59,2,3092.29,80,0.0
CUST02338,Champions,32,5,4325.69,87,1.0
CUST02339,Loyal Customers,49,6,3471.3100000000004,56,2.0
CUST02340,Champions,30,9,7504.88,59,3.0
CUST02341,Champions,18,4,3924.35,11,0.0
CUST02342,Loyal Customers,18,4,2753.79,29,1.0
CUST02343,Loyal Customers,19,3,2412.08,49,0.0
CUST02344,Dormant,80,1,536.58,14,0.0
CUST02345,Loyal Customers,56,6,4144.54,7,0.0
CUST02346,Loyal Customers,4,4,1896.6000000000001,33,2.0
CUST02347,Dormant,44,2,1433.49,19,0.0
CUST02348,Loyal Customers,48,5,6333.1900000000005,28,0.0
CUST02349,Loyal Customers,7,4,2255.81,51,0.0
CUST02350,Loyal Customers,52,4,4127.55,6,0.0
CUST02351,Dormant,300,1,1592.34,5,0.0
CUST02352,Champions,3,6,3347.93,18,0.0
CUST02353,Champions,38,6,4437.26,42,1.0
CUST02354,Loyal Customers,10,4,2537.79,0,0.0
CUST02355,Champions,39,10,5047.05,0,3.0
CUST02356,Loyal Customers,25,4,2105.75,61,0.0
CUST02357,Loyal Customers,50,9,8878.33,18,2.0
CUST02358,At Risk,133,3,2849.58,5,3.0
CUST02359,Champions,41,7,4573.04,105,0.0
CUST02360,Dormant,100,2,830.9399999999999,25,0.0
CUST02361,Dormant,104,1,430.86,14,0.0
CUST02362,Loyal Customers,28,3,2557.13,14,0.0
CUST02363,Loyal Customers,58,3,2634.29,36,1.0
CUST02364,Loyal Customers,23,3,1775.96,6,1.0
CUST02365,Loyal Customers,45,6,4612.96,69,0.0
CUST02366,Champions,10,7,3826.58,26,0.0
CUST02367,Champions,4,6,3779.01,28,1.0
CUST02368,At Risk,218,4,4203.85,11,3.0
CUST02369,Potential Loyalists,36,2,1855.0600000000002,67,0.0
CUST02370,Loyal Customers,60,4,2668.98,29,1.0
CUST02371,Champions,27,5,4252.84,22,2.0
CUST02372,Champions,10,7,4394.02,83,1.0
CUST02373,Champions,9,5,4613.639999999999,11,1.0
CUST02374,Potential Loyalists,18,2,487.17999999999995,15,0.0
CUST02375,Loyal Customers,49,3,2133.06,11,0.0
CUST02376,Loyal Customers,2,4,2698.72,6,0.0
CUST02377,Loyal Customers,22,3,2717.8,61,0.0
CUST02378,Loyal Customers,3,3,1902.87,59,0.0
CUST02379,Dormant,173,1,588.32,65,0.0
CUST02380,Dormant,197,1,331.92,0,0.0
CUST02381,Potential Loyalists,8,2,1812.44,43,1.0
CUST02382,Loyal Customers,51,8,7796.56,26,1.0
CUST02383,At Risk,169,4,1842.06,45,2.0
CUST02384,Champions,35,6,4541.12,27,1.0
CUST02385,Potential Loyalists,17,2,1486.67,7,0.0
CUST02386,Loyal Customers,49,4,3240.48,47,0.0
CUST02387,Loyal Customers,58,3,1627.86,38,1.0
CUST02388,Loyal Customers,52,3,3793.5699999999997,25,0.0
CUST02389,At Risk,186,4,1987.76,5,2.0
CUST02390,At Risk,343,3,2336.76,8,0.0
CUST02391,Dormant,113,1,767.26,5,1.0
CUST02392,At Risk,157,3,1858.71,12,0.0
CUST02393,Loyal Customers,44,7,7175.28,0,2.0
CUST02394,Loyal Customers,46,6,5372.97,22,2.0
CUST02395,At Risk,425,4,1428.0,4,4.0
CUST02396,Dormant,175,1,553.88,4,1.0
CUST02397,Potential Loyalists,18,2,2259.7799999999997,75,0.0
CUST02398,Loyal Customers,60,8,4519.78,22,2.0
CUST02399,At Risk,337,4,2579.22,6,0.0
CUST02400,Dormant,171,2,1017.49,6,0.0
